year,term,score,sentence
2018,Saint Andrew's Junior College|saint andrews junior college|saint andrews jc|sajc|Anderson Serangoon Junior College|Anderson Junior College|Serangoon Junior college|anderson jc|serangoon jc|sjc|ajc|asjc|Catholic Junior College|catholic jc|cjc|Dunman High School|Dunman|dhs|St. Joseph's Institution|sji|Temasek Junior College|temasek jc|tjc|Victoria Junior College|Victoria jc|vjc,0.318,tjcmushroom wrote:  Hey guys! I got an email calling me down for an interview for the NTU TCM course. The interview is a group admissions interview. My question is: Would having a group interview mean that I am safer (I have a higher chance) than if I were to go for an individual interview? imo i actually think group interview is more dangerous because in group interviews you dont have equal attention or opportunities to sell yourself. I feel that individual interview gives you 100% attention and you can talk about ur achievements alot more and shows your personality compared to group interviews
2018,Saint Andrew's Junior College|saint andrews junior college|saint andrews jc|sajc|Anderson Serangoon Junior College|Anderson Junior College|Serangoon Junior college|anderson jc|serangoon jc|sjc|ajc|asjc|Catholic Junior College|catholic jc|cjc|Dunman High School|Dunman|dhs|St. Joseph's Institution|sji|Temasek Junior College|temasek jc|tjc|Victoria Junior College|Victoria jc|vjc,0.6025,tjcmushroom wrote:  Hey guys! I got an email calling me down for an interview for the NTU TCM course. The interview is a group admissions interview. My question is: Would having a group interview mean that I am safer (I have a higher chance) than if I were to go for an individual interview? How do u know it's a group interview? U mean it was stated in the email? Tks! 👍
2018,Saint Andrew's Junior College|saint andrews junior college|saint andrews jc|sajc|Anderson Serangoon Junior College|Anderson Junior College|Serangoon Junior college|anderson jc|serangoon jc|sjc|ajc|asjc|Catholic Junior College|catholic jc|cjc|Dunman High School|Dunman|dhs|St. Joseph's Institution|sji|Temasek Junior College|temasek jc|tjc|Victoria Junior College|Victoria jc|vjc,0.6747,"tjcmushroom wrote:  how do you check the JAP portal? Isn't there only the NUS/NTU/SMU portals? How do I access the JAP? it’s a shared portal for all uni in sg, where u accept the uni offer. u only have access to it if u got an offer."
2018,Saint Andrew's Junior College|saint andrews junior college|saint andrews jc|sajc|Anderson Serangoon Junior College|Anderson Junior College|Serangoon Junior college|anderson jc|serangoon jc|sjc|ajc|asjc|Catholic Junior College|catholic jc|cjc|Dunman High School|Dunman|dhs|St. Joseph's Institution|sji|Temasek Junior College|temasek jc|tjc|Victoria Junior College|Victoria jc|vjc,0.7642,"tjcmushroom wrote:  these people who were called up are going for RE as well? I’m from JC. A PR student Rank point 68.75 without MTL  (****ed up Results due to high fever during the alevel period, but to be honest my GP is always as disgusting as result shown) H2 BIO - B H2 CHEM - C H2 MATH - C H1 ECON - B GP - S PW - A Applied for NUS  RE First Choice and is accepted without an interview NTU - no reply yet First Choice *Engineering Second ChoiceMaterials Engineering Third ChoiceBioengineering Fourth ChoiceMaritime Studies SMU - no reply yet First Choice     Economic Second Choice    Information system Third Choice     Social Science i really want to study BBA or economic but i guess a beggar cant be a chooser. if any of you guys know anything about NUS RE please kindly give us suggestions."
2018,Saint Andrew's Junior College|saint andrews junior college|saint andrews jc|sajc|Anderson Serangoon Junior College|Anderson Junior College|Serangoon Junior college|anderson jc|serangoon jc|sjc|ajc|asjc|Catholic Junior College|catholic jc|cjc|Dunman High School|Dunman|dhs|St. Joseph's Institution|sji|Temasek Junior College|temasek jc|tjc|Victoria Junior College|Victoria jc|vjc,0.318,tjcmushroom wrote:  Hey guys! I got an email calling me down for an interview for the NTU TCM course. The interview is a group admissions interview. My question is: Would having a group interview mean that I am safer (I have a higher chance) than if I were to go for an individual interview? imo i actually think group interview is more dangerous because in group interviews you dont have equal attention or opportunities to sell yourself. I feel that individual interview gives you 100% attention and you can talk about ur achievements alot more and shows your personality compared to group interviews
2018,Saint Andrew's Junior College|saint andrews junior college|saint andrews jc|sajc|Anderson Serangoon Junior College|Anderson Junior College|Serangoon Junior college|anderson jc|serangoon jc|sjc|ajc|asjc|Catholic Junior College|catholic jc|cjc|Dunman High School|Dunman|dhs|St. Joseph's Institution|sji|Temasek Junior College|temasek jc|tjc|Victoria Junior College|Victoria jc|vjc,0.6025,tjcmushroom wrote:  Hey guys! I got an email calling me down for an interview for the NTU TCM course. The interview is a group admissions interview. My question is: Would having a group interview mean that I am safer (I have a higher chance) than if I were to go for an individual interview? How do u know it's a group interview? U mean it was stated in the email? Tks! 👍
2018,Saint Andrew's Junior College|saint andrews junior college|saint andrews jc|sajc|Anderson Serangoon Junior College|Anderson Junior College|Serangoon Junior college|anderson jc|serangoon jc|sjc|ajc|asjc|Catholic Junior College|catholic jc|cjc|Dunman High School|Dunman|dhs|St. Joseph's Institution|sji|Temasek Junior College|temasek jc|tjc|Victoria Junior College|Victoria jc|vjc,0.6747,"tjcmushroom wrote:  how do you check the JAP portal? Isn't there only the NUS/NTU/SMU portals? How do I access the JAP? it’s a shared portal for all uni in sg, where u accept the uni offer. u only have access to it if u got an offer."
2018,Saint Andrew's Junior College|saint andrews junior college|saint andrews jc|sajc|Anderson Serangoon Junior College|Anderson Junior College|Serangoon Junior college|anderson jc|serangoon jc|sjc|ajc|asjc|Catholic Junior College|catholic jc|cjc|Dunman High School|Dunman|dhs|St. Joseph's Institution|sji|Temasek Junior College|temasek jc|tjc|Victoria Junior College|Victoria jc|vjc,0.7642,"tjcmushroom wrote:  these people who were called up are going for RE as well? I’m from JC. A PR student Rank point 68.75 without MTL  (****ed up Results due to high fever during the alevel period, but to be honest my GP is always as disgusting as result shown) H2 BIO - B H2 CHEM - C H2 MATH - C H1 ECON - B GP - S PW - A Applied for NUS  RE First Choice and is accepted without an interview NTU - no reply yet First Choice *Engineering Second ChoiceMaterials Engineering Third ChoiceBioengineering Fourth ChoiceMaritime Studies SMU - no reply yet First Choice     Economic Second Choice    Information system Third Choice     Social Science i really want to study BBA or economic but i guess a beggar cant be a chooser. if any of you guys know anything about NUS RE please kindly give us suggestions."
2019,Saint Andrew's Junior College|saint andrews junior college|saint andrews jc|sajc|Anderson Serangoon Junior College|Anderson Junior College|Serangoon Junior college|anderson jc|serangoon jc|sjc|ajc|asjc|Catholic Junior College|catholic jc|cjc|Dunman High School|Dunman|dhs|St. Joseph's Institution|sji|Temasek Junior College|temasek jc|tjc|Victoria Junior College|Victoria jc|vjc,-0.4248,Pesantkie wrote:  It might be your O Level score.  I have a friend who has low L1R4 alrd received offers from both NTU and NUS.  His GPA 3.926 but his R5 can bring him to ACJC in 2016 so I think is <7 for R5. yes my o level is lower but does that put me at a very big disadvantage? l1r4 20 B3 e maths c5 A maths. Gpa 3.96
2019,Saint Andrew's Junior College|saint andrews junior college|saint andrews jc|sajc|Anderson Serangoon Junior College|Anderson Junior College|Serangoon Junior college|anderson jc|serangoon jc|sjc|ajc|asjc|Catholic Junior College|catholic jc|cjc|Dunman High School|Dunman|dhs|St. Joseph's Institution|sji|Temasek Junior College|temasek jc|tjc|Victoria Junior College|Victoria jc|vjc,0.3919,Kurt Tay wrote:  Nope she applied feb also. Her gpa 3.97 my gpa 3.96 but my offer still processing ;/ It might be your O Level score.  I have a friend who has low L1R4 alrd received offers from both NTU and NUS.  His GPA 3.926 but his R5 can bring him to ACJC in 2016 so I think is <7 for R5.
2019,Saint Andrew's Junior College|saint andrews junior college|saint andrews jc|sajc|Anderson Serangoon Junior College|Anderson Junior College|Serangoon Junior college|anderson jc|serangoon jc|sjc|ajc|asjc|Catholic Junior College|catholic jc|cjc|Dunman High School|Dunman|dhs|St. Joseph's Institution|sji|Temasek Junior College|temasek jc|tjc|Victoria Junior College|Victoria jc|vjc,0.4998,"cheesecrackers wrote:  What made you pick NTU over SMU? Because I heard SMU provides a lot more opportunities to students (overseas exchange, internship) whereas NTU have lesser? And also, how is NTU culture like compared to poly? was it difficult to adapt? I am also a biz student from poly btw. I'm just not too sure whether to go to SMU or NTU accountancy. T.T Consider this. Smu is a 4 year course and the fees they charge are 11k+.  U can simply take LoA for internships in NTU if u do not want to grad in 3 yrs.   If you're heading to big 4 after grad, heard the starting pay is more or less the same. If so, why go for a 4 year's course?  Ntu offers plenty of exchange opportunities too.  This is my personal opinion but I think poly kids are able to cope better if they go to smu rather than NUS or NTU.   You will definitely get a shock when you enter ntu. You would have to put in effort from week 1 if you want to maintain your gpa. In my first sem, majority of my classmates are from mid tier to top jcs (anderson, hwachong, raffles, acjc and etc). Their rank points are about 85 to 90. As such it is VERY VERY difficult to compete with them. Not sure about SMU."
2019,Saint Andrew's Junior College|saint andrews junior college|saint andrews jc|sajc|Anderson Serangoon Junior College|Anderson Junior College|Serangoon Junior college|anderson jc|serangoon jc|sjc|ajc|asjc|Catholic Junior College|catholic jc|cjc|Dunman High School|Dunman|dhs|St. Joseph's Institution|sji|Temasek Junior College|temasek jc|tjc|Victoria Junior College|Victoria jc|vjc,0.9144,"qhong61 wrote:  Anyone can help? It mainly depends on your cgpa/cap and relevant experience as research assistant/independent research (for those with really really good cgpa). Since masters in clinical psychology is what most first yr psych majors initially set out to pursue (coz for $$$/prestige besides being in research/PhD), the competition is very stiff (especially given its limited vacancies in sg) and you gotta be the creme of the crop or else you need to go overseas to complete it.  Tbh, in NTU/NUS, psychology is not as heavily based on groupwork as SMU's, so if you are not as good as academics as your peers (can roughly gauge by ur rp), you can kind of forget trying to vye for the limited spots.  Obviously, everyone would say your past academic performance (in JC) won't always predict what you get in uni but like from my very small and hence biased  sample size of my cohort intake of first year students, those with rp below 10th percentile (those who get around 76), they really kind of struggle while those from the top 5 jcs (HCI, VJC etc) and with  over 85 rp (which is quite a lot) and getting FCH. (Since NTU psych and probably NUS psych is more individual and test based unlike SMU's) If you are just trying to enter psych coz you think its interesting and only able to see its traditional path of clinical psychology (and not understanding what else is there to psychology), i think going nus fass is good so you can declare majors in other arts and social science should you realize you dont get at least a certain cap (e.g. 4.5/5.0) by the end of year 2 semester 1."
2019,Saint Andrew's Junior College|saint andrews junior college|saint andrews jc|sajc|Anderson Serangoon Junior College|Anderson Junior College|Serangoon Junior college|anderson jc|serangoon jc|sjc|ajc|asjc|Catholic Junior College|catholic jc|cjc|Dunman High School|Dunman|dhs|St. Joseph's Institution|sji|Temasek Junior College|temasek jc|tjc|Victoria Junior College|Victoria jc|vjc,0.9383,"Rockabye wrote:  It mainly depends on your cgpa/cap and relevant experience as research assistant/independent research (for those with really really good cgpa). Since masters in clinical psychology is what most first yr psych majors initially set out to pursue (coz for $$$/prestige besides being in research/PhD), the competition is very stiff (especially given its limited vacancies in sg) and you gotta be the creme of the crop or else you need to go overseas to complete it.  Tbh, in NTU/NUS, psychology is not as heavily based on groupwork as SMU's, so if you are not as good as academics as your peers (can roughly gauge by ur rp), you can kind of forget trying to vye for the limited spots.  Obviously, everyone would say your past academic performance (in JC) won't always predict what you get in uni but like from my very small and hence biased  sample size of my cohort intake of first year students, those with rp below 10th percentile (those who get around 76), they really kind of struggle while those from the top 5 jcs (HCI, VJC etc) and with  over 85 rp (which is quite a lot) and getting FCH. (Since NTU psych and probably NUS psych is more individual and test based unlike SMU's) If you are just trying to enter psych coz you think its interesting and only able to see its traditional path of clinical psychology (and not understanding what else is there to psychology), i think going nus fass is good so you can declare majors in other arts and social science should you realize you dont get at least a certain cap (e.g. 4.5/5.0) by the end of year 2 semester 1. Thank you so much. Are u also an undergrad? Which faculty?"
2019,Saint Andrew's Junior College|saint andrews junior college|saint andrews jc|sajc|Anderson Serangoon Junior College|Anderson Junior College|Serangoon Junior college|anderson jc|serangoon jc|sjc|ajc|asjc|Catholic Junior College|catholic jc|cjc|Dunman High School|Dunman|dhs|St. Joseph's Institution|sji|Temasek Junior College|temasek jc|tjc|Victoria Junior College|Victoria jc|vjc,0.3919,Kurt Tay wrote:  Nope she applied feb also. Her gpa 3.97 my gpa 3.96 but my offer still processing ;/ It might be your O Level score.  I have a friend who has low L1R4 alrd received offers from both NTU and NUS.  His GPA 3.926 but his R5 can bring him to ACJC in 2016 so I think is <7 for R5.
2019,Saint Andrew's Junior College|saint andrews junior college|saint andrews jc|sajc|Anderson Serangoon Junior College|Anderson Junior College|Serangoon Junior college|anderson jc|serangoon jc|sjc|ajc|asjc|Catholic Junior College|catholic jc|cjc|Dunman High School|Dunman|dhs|St. Joseph's Institution|sji|Temasek Junior College|temasek jc|tjc|Victoria Junior College|Victoria jc|vjc,0.4998,"cheesecrackers wrote:  What made you pick NTU over SMU? Because I heard SMU provides a lot more opportunities to students (overseas exchange, internship) whereas NTU have lesser? And also, how is NTU culture like compared to poly? was it difficult to adapt? I am also a biz student from poly btw. I'm just not too sure whether to go to SMU or NTU accountancy. T.T Consider this. Smu is a 4 year course and the fees they charge are 11k+.  U can simply take LoA for internships in NTU if u do not want to grad in 3 yrs.   If you're heading to big 4 after grad, heard the starting pay is more or less the same. If so, why go for a 4 year's course?  Ntu offers plenty of exchange opportunities too.  This is my personal opinion but I think poly kids are able to cope better if they go to smu rather than NUS or NTU.   You will definitely get a shock when you enter ntu. You would have to put in effort from week 1 if you want to maintain your gpa. In my first sem, majority of my classmates are from mid tier to top jcs (anderson, hwachong, raffles, acjc and etc). Their rank points are about 85 to 90. As such it is VERY VERY difficult to compete with them. Not sure about SMU."
2019,Saint Andrew's Junior College|saint andrews junior college|saint andrews jc|sajc|Anderson Serangoon Junior College|Anderson Junior College|Serangoon Junior college|anderson jc|serangoon jc|sjc|ajc|asjc|Catholic Junior College|catholic jc|cjc|Dunman High School|Dunman|dhs|St. Joseph's Institution|sji|Temasek Junior College|temasek jc|tjc|Victoria Junior College|Victoria jc|vjc,0.9144,"qhong61 wrote:  Anyone can help? It mainly depends on your cgpa/cap and relevant experience as research assistant/independent research (for those with really really good cgpa). Since masters in clinical psychology is what most first yr psych majors initially set out to pursue (coz for $$$/prestige besides being in research/PhD), the competition is very stiff (especially given its limited vacancies in sg) and you gotta be the creme of the crop or else you need to go overseas to complete it.  Tbh, in NTU/NUS, psychology is not as heavily based on groupwork as SMU's, so if you are not as good as academics as your peers (can roughly gauge by ur rp), you can kind of forget trying to vye for the limited spots.  Obviously, everyone would say your past academic performance (in JC) won't always predict what you get in uni but like from my very small and hence biased  sample size of my cohort intake of first year students, those with rp below 10th percentile (those who get around 76), they really kind of struggle while those from the top 5 jcs (HCI, VJC etc) and with  over 85 rp (which is quite a lot) and getting FCH. (Since NTU psych and probably NUS psych is more individual and test based unlike SMU's) If you are just trying to enter psych coz you think its interesting and only able to see its traditional path of clinical psychology (and not understanding what else is there to psychology), i think going nus fass is good so you can declare majors in other arts and social science should you realize you dont get at least a certain cap (e.g. 4.5/5.0) by the end of year 2 semester 1."
2019,Saint Andrew's Junior College|saint andrews junior college|saint andrews jc|sajc|Anderson Serangoon Junior College|Anderson Junior College|Serangoon Junior college|anderson jc|serangoon jc|sjc|ajc|asjc|Catholic Junior College|catholic jc|cjc|Dunman High School|Dunman|dhs|St. Joseph's Institution|sji|Temasek Junior College|temasek jc|tjc|Victoria Junior College|Victoria jc|vjc,0.9383,"Rockabye wrote:  It mainly depends on your cgpa/cap and relevant experience as research assistant/independent research (for those with really really good cgpa). Since masters in clinical psychology is what most first yr psych majors initially set out to pursue (coz for $$$/prestige besides being in research/PhD), the competition is very stiff (especially given its limited vacancies in sg) and you gotta be the creme of the crop or else you need to go overseas to complete it.  Tbh, in NTU/NUS, psychology is not as heavily based on groupwork as SMU's, so if you are not as good as academics as your peers (can roughly gauge by ur rp), you can kind of forget trying to vye for the limited spots.  Obviously, everyone would say your past academic performance (in JC) won't always predict what you get in uni but like from my very small and hence biased  sample size of my cohort intake of first year students, those with rp below 10th percentile (those who get around 76), they really kind of struggle while those from the top 5 jcs (HCI, VJC etc) and with  over 85 rp (which is quite a lot) and getting FCH. (Since NTU psych and probably NUS psych is more individual and test based unlike SMU's) If you are just trying to enter psych coz you think its interesting and only able to see its traditional path of clinical psychology (and not understanding what else is there to psychology), i think going nus fass is good so you can declare majors in other arts and social science should you realize you dont get at least a certain cap (e.g. 4.5/5.0) by the end of year 2 semester 1. Thank you so much. Are u also an undergrad? Which faculty?"
2019,Saint Andrew's Junior College|saint andrews junior college|saint andrews jc|sajc|Anderson Serangoon Junior College|Anderson Junior College|Serangoon Junior college|anderson jc|serangoon jc|sjc|ajc|asjc|Catholic Junior College|catholic jc|cjc|Dunman High School|Dunman|dhs|St. Joseph's Institution|sji|Temasek Junior College|temasek jc|tjc|Victoria Junior College|Victoria jc|vjc,0.9746,"cheesecrackers wrote:  What made you pick NTU over SMU? Because I heard SMU provides a lot more opportunities to students (overseas exchange, internship) whereas NTU have lesser? And also, how is NTU culture like compared to poly? was it difficult to adapt? I am also a biz student from poly btw. I'm just not too sure whether to go to SMU or NTU accountancy. T.T Siaolangkeng wrote:  Consider this. Smu is a 4 year course and the fees they charge are 11k+.  U can simply take LoA for internships in NTU if u do not want to grad in 3 yrs.   If you're heading to big 4 after grad, heard the starting pay is more or less the same. If so, why go for a 4 year's course?  Ntu offers plenty of exchange opportunities too.  This is my personal opinion but I think poly kids are able to cope better if they go to smu rather than NUS or NTU.   You will definitely get a shock when you enter ntu. You would have to put in effort from week 1 if you want to maintain your gpa. In my first sem, majority of my classmates are from mid tier to top jcs (anderson, hwachong, raffles, acjc and etc). Their rank points are about 85 to 90. As such it is VERY VERY difficult to compete with them. Not sure about SMU. FrostWurm wrote:  Graduated from NBS several years ago. The culture is very cheena, so if you are not cheena, I strongly suggest NUS or SMU if not you will be like a fish out of water. In terms of career services, SMU is ahead. They usually get better placements, and students can do internships during the term due to the proximity of the school to CBD. They are way ahead of NUS and NTU in placing their students into good jobs. But school fees more expensive, and SMU doesn't have hall life (if you want to experience it). Also seems that the competition there is extremely fierce (class participation anyone?). But its in the city which also has some perks. Probably NTU if you just wanna grad quickly and be an auditor (although many also end up in management associate roles). SMU may be better if you are aiming for front office finance positions. actually for poly grads going uni & intend to go big4, better to go SIT. can become Associate 2 upon graduation and it is 2-3 years course. but if want big 3 then NTU because 3 years course. Good Internships usually require self source Sent from moi brain using GAGT"
2020,Saint Andrew's Junior College|saint andrews junior college|saint andrews jc|sajc|Anderson Serangoon Junior College|Anderson Junior College|Serangoon Junior college|anderson jc|serangoon jc|sjc|ajc|asjc|Catholic Junior College|catholic jc|cjc|Dunman High School|Dunman|dhs|St. Joseph's Institution|sji|Temasek Junior College|temasek jc|tjc|Victoria Junior College|Victoria jc|vjc,
