year,term,score,sentence
2018,Anglo-Chinese Junior College|anglo chinese junior college|anglo-chinese jc|acjc|Hwa Chong Junior College|hwa chong|hc|hcjc|Nanyang Junior College|nanyang jc|nyjc|National Junior College|national jc|njc|Raffles Junior College|raffles jc|rjc,-0.4537,"wei1006 wrote:  So apparently I got rejected by NTU today. RP 69.75 with HCL. BCC/B. Both C for math and Physics. S for GP. My choices according to sequence: physics,material engineering, engineering, civil engineering, EEE. Filled in DA but no use.  Got accepted by NUS Engineering on 20th April. Direct Offer Huh... I still haven't gotten a reply yet super jittery right now... Physics reject you?? Someone with a lower rp (68~) and D for physics got offered... This is bizarre... What's your olvl score?"
2018,Anglo-Chinese Junior College|anglo chinese junior college|anglo-chinese jc|acjc|Hwa Chong Junior College|hwa chong|hc|hcjc|Nanyang Junior College|nanyang jc|nyjc|National Junior College|national jc|njc|Raffles Junior College|raffles jc|rjc,-0.4346,"hi guys, i obtained 4H2 PCME AAAB GP B PW A HCL A RP 87.75 however almost no cca or leadership records except for cca&council back in sec sch unfortunately which im not sure are still relevant :-( do i stand a good chance of getting shortlisted for an interview for the nus bond-free scholarships, specifically the nus undergraduate scholarship (with or without merit)?"
2018,Anglo-Chinese Junior College|anglo chinese junior college|anglo-chinese jc|acjc|Hwa Chong Junior College|hwa chong|hc|hcjc|Nanyang Junior College|nanyang jc|nyjc|National Junior College|national jc|njc|Raffles Junior College|raffles jc|rjc,-0.4199,"wei1006 wrote:  So apparently I got rejected by NTU today. RP 69.75 with HCL. BCC/B. Both C for math and Physics. S for GP. My choices according to sequence: physics,material engineering, engineering, civil engineering, EEE. Filled in DA but no use.  Got accepted by NUS Engineering on 20th April. Direct Offer Did the NTU emailed you or by call? And how about NUS?By email or call,as in some said they will call before email....thanks."
2018,Anglo-Chinese Junior College|anglo chinese junior college|anglo-chinese jc|acjc|Hwa Chong Junior College|hwa chong|hc|hcjc|Nanyang Junior College|nanyang jc|nyjc|National Junior College|national jc|njc|Raffles Junior College|raffles jc|rjc,-0.3468,"wei1006 wrote:  So apparently I got rejected by NTU today. RP 69.75 with HCL. BCC/B. Both C for math and Physics. S for GP. My choices according to sequence: physics,material engineering, engineering, civil engineering, EEE. Filled in DA but no use.  Got accepted by NUS Engineering on 20th April. Direct Offer is that DA for NUS?"
2018,Anglo-Chinese Junior College|anglo chinese junior college|anglo-chinese jc|acjc|Hwa Chong Junior College|hwa chong|hc|hcjc|Nanyang Junior College|nanyang jc|nyjc|National Junior College|national jc|njc|Raffles Junior College|raffles jc|rjc,-0.3468,"wei1006 wrote:  So apparently I got rejected by NTU today. RP 69.75 with HCL. BCC/B. Both C for math and Physics. S for GP. My choices according to sequence: physics,material engineering, engineering, civil engineering, EEE. Filled in DA but no use.  Got accepted by NUS Engineering on 20th April. Direct Offer what type of engineering for nus?"
2018,Anglo-Chinese Junior College|anglo chinese junior college|anglo-chinese jc|acjc|Hwa Chong Junior College|hwa chong|hc|hcjc|Nanyang Junior College|nanyang jc|nyjc|National Junior College|national jc|njc|Raffles Junior College|raffles jc|rjc,0.9887,"Hi,friend. May I know roughly how many places are offered for allied health courses? I was rejected by SIT this week, I am not even on the waitlist. I wonder is it worth for me to appeal if the intake for DR is very low. I cant find any information online.dontgiveup wrote:  Hi ! ~  I just wanna say good job to those who completed the interview for SIT allied health whether or not you have succeeded in being accepted.  For those whom will be attending the upcoming Tea Session, you will actually find out that how lucky u r to get it cos the numbers arent exactly very large (particularly RT cos the intake is only about 18 students).  Those who got shortlisted for interview is already considered very good. Because majority of the students would have gotten rejected from the start. And from the interview itself only about 1-2/8 students will get accepted.  So dont feel too upset about it as well.  To those who plans to try again, GO FOR IT! But do prepare your portfolio in the 1 year apart. Because once u have been shortlisted for interview, results and all no longer matters. It is merely about who u r ... interviewers have 0 knowledge or background on u , it is just how u r reacting. It is normal to fail one or two stations, but more importantly is not letting it affect you.  After all , if u want to be an Allied Health professional u have to strong mentally.  The interview gives u a glimpse of school life. In SIT we go by Trimesters, so this mean to say it is definitely more stressful. U will need to write at least an essay per trimester , so be prepared.  Even for those who got accepted, the tip is just PLAY WHILE U CAN NOW.  Just to share a personal story for those who didnt got in :  2017 was the first year this course started , to be honest i found out the minimum GPA for that year from friends who got in ... it was at least 3.7 just for interview.  I attempted as well (i wanted medicine), but i didnt even got shortlisted.  Yes, it is sad to be rejected ( in fact i applied to NTU, NUS and SIT i got rejected for all of them). But what is more important is , what u plan to do.  Getting sad is inevitable , but it doesnt get u anywhere. Why not let it be ur motivation ? Go for shadowing programmes- see if u r really in for it (we have ppl who realised it isnt their thing after getting in). Volunteer - Gain some experience and show them healthcare is for you.  Lastly, for me ... it was hard but as a poly grad i had issues finding jobs even. Eventually, i lowered myself and worked as a hospital patient assistant for a year. No doubt, it was difficult but at the end of it i do learn something.  I made use of my time in the healthcare setting understanding more on it, being look down is common but it makes u a better healthcare professional when u have experience what it is like to be the one being looked down before u become the one ordering people ard.  Eventually i got in and it was a miracle.  So it is not impossible to get in again but of course success is yours only if u have worked hard for it.  So, dont give up if it is really what u want.  And congratulations to those who got in .... "
2018,Anglo-Chinese Junior College|anglo chinese junior college|anglo-chinese jc|acjc|Hwa Chong Junior College|hwa chong|hc|hcjc|Nanyang Junior College|nanyang jc|nyjc|National Junior College|national jc|njc|Raffles Junior College|raffles jc|rjc,0.9896,"Hi ! ~  I just wanna say good job to those who completed the interview for SIT allied health whether or not you have succeeded in being accepted.  For those whom will be attending the upcoming Tea Session, you will actually find out that how lucky u r to get it cos the numbers arent exactly very large (particularly RT cos the intake is only about 18 students).  Those who got shortlisted for interview is already considered very good. Because majority of the students would have gotten rejected from the start. And from the interview itself only about 1-2/8 students will get accepted.  So dont feel too upset about it as well.  To those who plans to try again, GO FOR IT! But do prepare your portfolio in the 1 year apart. Because once u have been shortlisted for interview, results and all no longer matters. It is merely about who u r ... interviewers have 0 knowledge or background on u , it is just how u r reacting. It is normal to fail one or two stations, but more importantly is not letting it affect you.  After all , if u want to be an Allied Health professional u have to strong mentally.  The interview gives u a glimpse of school life. In SIT we go by Trimesters, so this mean to say it is definitely more stressful. U will need to write at least an essay per trimester , so be prepared.  Even for those who got accepted, the tip is just PLAY WHILE U CAN NOW.  Just to share a personal story for those who didnt got in :  2017 was the first year this course started , to be honest i found out the minimum GPA for that year from friends who got in ... it was at least 3.7 just for interview.  I attempted as well (i wanted medicine), but i didnt even got shortlisted.  Yes, it is sad to be rejected ( in fact i applied to NTU, NUS and SIT i got rejected for all of them). But what is more important is , what u plan to do.  Getting sad is inevitable , but it doesnt get u anywhere. Why not let it be ur motivation ? Go for shadowing programmes- see if u r really in for it (we have ppl who realised it isnt their thing after getting in). Volunteer - Gain some experience and show them healthcare is for you.  Lastly, for me ... it was hard but as a poly grad i had issues finding jobs even. Eventually, i lowered myself and worked as a hospital patient assistant for a year. No doubt, it was difficult but at the end of it i do learn something.  I made use of my time in the healthcare setting understanding more on it, being look down is common but it makes u a better healthcare professional when u have experience what it is like to be the one being looked down before u become the one ordering people ard.  Eventually i got in and it was a miracle.  So it is not impossible to get in again but of course success is yours only if u have worked hard for it.  So, dont give up if it is really what u want.  And congratulations to those who got in .... "
2018,Anglo-Chinese Junior College|anglo chinese junior college|anglo-chinese jc|acjc|Hwa Chong Junior College|hwa chong|hc|hcjc|Nanyang Junior College|nanyang jc|nyjc|National Junior College|national jc|njc|Raffles Junior College|raffles jc|rjc,0.9961,"nekomon wrote:  You asked for the rest of the forum to ""rate your chances"", and you got some aggressive, some rude, but all honest replies. I admire your courage, determination as well as your desire for medicine. That's something we should all learn from. But what I don't understand is, since you said that you've been through a lot, you should know how cruel and realistic the world is by now? Most of us here on the forum (I assume) have been slapped ruthlessly by reality countless of times, hence we are here to advice you against being slapped from reality. Miracles really do not happen in life. Yes, I believe you that hard work and dedication can bring you to far and amazing places. But you asked us to rate your chance for medicine, and we can all say that it's impossible just based off your poly results alone. We are no one to judge your academic performance in poly, but you do admit it's not up to par with the requirement needed for medicine, right? You really need to recognise that first, that using your poly results and even your O's will NOT get you into medicine. Like you said, hard work and dedication can bring you to your destination, but not this avenue... Maybe if you redo poly, or take A levels as a private candidate, or take BMAT and go overseas med... these are other avenues that you can consider. I really admire your positive outlook, as I was once in your position (not for medicine but for another course). I was told ""delusional"", ""silly"", ""stupid"" by many others. And obviously, my application to my desired uni course failed. That was when I received a huge slap from reality (and had to go through the pain of retaking A levels. etc). And I am sure you do not want this to come. Still, I wish you all the best in your future endeavours. With your never-say-die attitude, I'm sure you can go far in life, really. (-: Ignore the haters, but keep in mind those who are genuinely concerned for you and give you warnings and tips along your journey. All the best! If his GPA was 3.7+ range, I would tell him the chances are very slim but if he had achievements relevant to his course of study (hospital attachments etc.), that may help him. 2.5 GPA is abysmal. People with 3.4 GPA are fighting to get into ""low demand"" courses like NTU English and this guy with a 2.5 GPA thinks he can get into the most in demand course in Singapore? As I mentioned, I myself fugged up my O levels but if I had asked people to rate my chances of entering RJC with 33 points, do you think people would have said ""there's a chance?"" Hell no. They would have laughed, told me to go into ITE instead. This scenario is similar to his situation. NUS medicine is RJC and he pretty much has 33 points and trying to enter RJC. What am I supposed to say? If he truly wanted to enter, there are alternatives. I have made it clear along with others. If die-die want to enter NUS medicine, prepare to slog hard for A levels."
2018,Anglo-Chinese Junior College|anglo chinese junior college|anglo-chinese jc|acjc|Hwa Chong Junior College|hwa chong|hc|hcjc|Nanyang Junior College|nanyang jc|nyjc|National Junior College|national jc|njc|Raffles Junior College|raffles jc|rjc,0.9978,"Good news for those borderline cases eyeing NUS "" . . . . the plan to award up to 1.25 bonus points (equivalent of one H1 grade) to students applying for their first choice programme. The bonus points, applicable to programmes not requiring a pre-entry interview, will be added to the student’s University Admission Score. "" http://news.nus.edu.sg/highlights/nu...on-initiatives NUS applicants to get bonus points for 1st-choice courses Passion for a field of study will count for admission to the National University of Singapore (NUS) from this year. Those applying for a place at NUS will be given 1.25 bonus points for their first choice - equivalent to going from C to B or B to A in an A-level H1 subject. This applies only to courses where entry is based purely on converting a student's grades into points, and not to courses such as medicine and law where students are assessed on their aptitude and interests through interviews. NUS senior deputy president and provost Ho Teck Hua, who announced the move at a press conference on Monday, said NUS analysis of admission data showed the bonus point can make a difference. ""Let's say one student with 81 points applies for communications as his first choice, and another with 82 points applies to the same course as his second choice. With the 1.25 points, the student who lists the course as his first choice will get ahead of the person with 82 points,"" he said. On why NUS decided on the move, he said: ""If you have done well and are passionate about a career in business or computing, for example, then we want to say to you that we support your passion."" ""We want to help you pursue your passion,"" he said, adding that students passionate about what they study tend to perform better. Professor Ho revealed that, currently, 65 per cent of students given a place in their first-choice course take up the offer, while only 45 per cent of those given their second-choice course do so. Noting NUS graduates' good job prospects, Prof Ho also announced that NUS will be increasing the number of double majors to increase career options for its graduates. ""The nature of work is changing very rapidly, and we need to prepare students for a lifetime of diverse careers,"" he said. He said NUS, which currently offers 94 double major and major-minor combinations, will add another 86 such programmes. ""Someone doing data science and entrepreneurship, for example, can go and work for a range of industries in data science, and also go and do a start-up."" On top of the double majors, NUS also offers 71 double degrees, 33 joint degrees with partner universities and 24 concurrent degrees. Adding all this, currently 15 per cent of NUS students are trained in more than one discipline. Prof Ho said he hopes half of all NUS students will graduate with knowledge and skills in two different fields, so they will have more job offers to choose from. He also announced two new degree programmes for this year, one in pharmaceutical science and the other in veterinary science. Students taking up the 5 1/2-year concurrent veterinary degree programme will graduate with an NUS degree in life sciences and a Doctor of Veterinary Medicine from the University of Melbourne. NUS, which now offers 230 bond-free merit scholarships, will add 200 more scholarships for the new academic year. Ms Geraldine Tan, 19, welcomed the move by NUS and said it is important for young people to get into a field that excites them. She said: ""I really want to study business and maybe go on an overseas college stint as I want to start a social enterprise. Business courses are hard to get into, so I am hoping the bonus points will help me get the edge."" Hwa Chong Institution student Hannah Ganesh, 18, said increasing double degree options is good as students can diversify their learning and ""challenge themselves"".http://www.straitstimes.com/singapor...choice-courses NUS' new offerings BONUS POINTS FOR FIRST CHOICE Students applying to NUS will be given 1.25 bonus points for their first-choice course. This applies only to courses where entry is based purely on students' grades. MORE DOUBLE MAJORS NUS will be increasing the number of double majors to open up more career options for its graduates. It currently offers 94 double major and major-minor combinations and will add another 86 such programmes. NEW DEGREES A new concurrent degree combines NUS' Bachelor of Science and the Doctor of Veterinary Medicine offered by the University of Melbourne. Students can complete the programmes in 5-1/2 years. NUS is also offering a new joint degree in pharmaceutical science with the University of Dundee in Scotland. The programme is designed to provide students with knowledge and skills for careers in the pharmaceutical, biomedical and consumer healthcare sectors. NUS OVERSEAS COLLEGES The programme that sends students on internships to several entrepreneurial hubs in the world will be extended to Jakarta and Toronto. MORE BOND-FREE SCHOLARSHIPS NUS, which now offers 230 bond-free merit scholarships, will add another 200 scholarships in the new academic year."
2018,Anglo-Chinese Junior College|anglo chinese junior college|anglo-chinese jc|acjc|Hwa Chong Junior College|hwa chong|hc|hcjc|Nanyang Junior College|nanyang jc|nyjc|National Junior College|national jc|njc|Raffles Junior College|raffles jc|rjc,0.9979,"So, ntu & smu got give extra 1.25 points extra for putting first choice ? Thanks whuttt wrote:  Good news for those borderline cases eyeing NUS "" . . . . the plan to award up to 1.25 bonus points (equivalent of one H1 grade) to students applying for their first choice programme. The bonus points, applicable to programmes not requiring a pre-entry interview, will be added to the student’s University Admission Score. "" http://news.nus.edu.sg/highlights/nu...on-initiatives NUS applicants to get bonus points for 1st-choice courses Passion for a field of study will count for admission to the National University of Singapore (NUS) from this year. Those applying for a place at NUS will be given 1.25 bonus points for their first choice - equivalent to going from C to B or B to A in an A-level H1 subject. This applies only to courses where entry is based purely on converting a student's grades into points, and not to courses such as medicine and law where students are assessed on their aptitude and interests through interviews. NUS senior deputy president and provost Ho Teck Hua, who announced the move at a press conference on Monday, said NUS analysis of admission data showed the bonus point can make a difference. ""Let's say one student with 81 points applies for communications as his first choice, and another with 82 points applies to the same course as his second choice. With the 1.25 points, the student who lists the course as his first choice will get ahead of the person with 82 points,"" he said. On why NUS decided on the move, he said: ""If you have done well and are passionate about a career in business or computing, for example, then we want to say to you that we support your passion."" ""We want to help you pursue your passion,"" he said, adding that students passionate about what they study tend to perform better. Professor Ho revealed that, currently, 65 per cent of students given a place in their first-choice course take up the offer, while only 45 per cent of those given their second-choice course do so. Noting NUS graduates' good job prospects, Prof Ho also announced that NUS will be increasing the number of double majors to increase career options for its graduates. ""The nature of work is changing very rapidly, and we need to prepare students for a lifetime of diverse careers,"" he said. He said NUS, which currently offers 94 double major and major-minor combinations, will add another 86 such programmes. ""Someone doing data science and entrepreneurship, for example, can go and work for a range of industries in data science, and also go and do a start-up."" On top of the double majors, NUS also offers 71 double degrees, 33 joint degrees with partner universities and 24 concurrent degrees. Adding all this, currently 15 per cent of NUS students are trained in more than one discipline. Prof Ho said he hopes half of all NUS students will graduate with knowledge and skills in two different fields, so they will have more job offers to choose from. He also announced two new degree programmes for this year, one in pharmaceutical science and the other in veterinary science. Students taking up the 5 1/2-year concurrent veterinary degree programme will graduate with an NUS degree in life sciences and a Doctor of Veterinary Medicine from the University of Melbourne. NUS, which now offers 230 bond-free merit scholarships, will add 200 more scholarships for the new academic year. Ms Geraldine Tan, 19, welcomed the move by NUS and said it is important for young people to get into a field that excites them. She said: ""I really want to study business and maybe go on an overseas college stint as I want to start a social enterprise. Business courses are hard to get into, so I am hoping the bonus points will help me get the edge."" Hwa Chong Institution student Hannah Ganesh, 18, said increasing double degree options is good as students can diversify their learning and ""challenge themselves"".http://www.straitstimes.com/singapor...choice-courses NUS' new offerings BONUS POINTS FOR FIRST CHOICE Students applying to NUS will be given 1.25 bonus points for their first-choice course. This applies only to courses where entry is based purely on students' grades. MORE DOUBLE MAJORS NUS will be increasing the number of double majors to open up more career options for its graduates. It currently offers 94 double major and major-minor combinations and will add another 86 such programmes. NEW DEGREES A new concurrent degree combines NUS' Bachelor of Science and the Doctor of Veterinary Medicine offered by the University of Melbourne. Students can complete the programmes in 5-1/2 years. NUS is also offering a new joint degree in pharmaceutical science with the University of Dundee in Scotland. The programme is designed to provide students with knowledge and skills for careers in the pharmaceutical, biomedical and consumer healthcare sectors. NUS OVERSEAS COLLEGES The programme that sends students on internships to several entrepreneurial hubs in the world will be extended to Jakarta and Toronto. MORE BOND-FREE SCHOLARSHIPS NUS, which now offers 230 bond-free merit scholarships, will add another 200 scholarships in the new academic year. "
2019,Anglo-Chinese Junior College|anglo chinese junior college|anglo-chinese jc|acjc|Hwa Chong Junior College|hwa chong|hc|hcjc|Nanyang Junior College|nanyang jc|nyjc|National Junior College|national jc|njc|Raffles Junior College|raffles jc|rjc,-0.4248,Pesantkie wrote:  It might be your O Level score.  I have a friend who has low L1R4 alrd received offers from both NTU and NUS.  His GPA 3.926 but his R5 can bring him to ACJC in 2016 so I think is <7 for R5. yes my o level is lower but does that put me at a very big disadvantage? l1r4 20 B3 e maths c5 A maths. Gpa 3.96
2019,Anglo-Chinese Junior College|anglo chinese junior college|anglo-chinese jc|acjc|Hwa Chong Junior College|hwa chong|hc|hcjc|Nanyang Junior College|nanyang jc|nyjc|National Junior College|national jc|njc|Raffles Junior College|raffles jc|rjc,0.3919,Kurt Tay wrote:  Nope she applied feb also. Her gpa 3.97 my gpa 3.96 but my offer still processing ;/ It might be your O Level score.  I have a friend who has low L1R4 alrd received offers from both NTU and NUS.  His GPA 3.926 but his R5 can bring him to ACJC in 2016 so I think is <7 for R5.
2019,Anglo-Chinese Junior College|anglo chinese junior college|anglo-chinese jc|acjc|Hwa Chong Junior College|hwa chong|hc|hcjc|Nanyang Junior College|nanyang jc|nyjc|National Junior College|national jc|njc|Raffles Junior College|raffles jc|rjc,0.4998,"cheesecrackers wrote:  What made you pick NTU over SMU? Because I heard SMU provides a lot more opportunities to students (overseas exchange, internship) whereas NTU have lesser? And also, how is NTU culture like compared to poly? was it difficult to adapt? I am also a biz student from poly btw. I'm just not too sure whether to go to SMU or NTU accountancy. T.T Consider this. Smu is a 4 year course and the fees they charge are 11k+.  U can simply take LoA for internships in NTU if u do not want to grad in 3 yrs.   If you're heading to big 4 after grad, heard the starting pay is more or less the same. If so, why go for a 4 year's course?  Ntu offers plenty of exchange opportunities too.  This is my personal opinion but I think poly kids are able to cope better if they go to smu rather than NUS or NTU.   You will definitely get a shock when you enter ntu. You would have to put in effort from week 1 if you want to maintain your gpa. In my first sem, majority of my classmates are from mid tier to top jcs (anderson, hwachong, raffles, acjc and etc). Their rank points are about 85 to 90. As such it is VERY VERY difficult to compete with them. Not sure about SMU."
2019,Anglo-Chinese Junior College|anglo chinese junior college|anglo-chinese jc|acjc|Hwa Chong Junior College|hwa chong|hc|hcjc|Nanyang Junior College|nanyang jc|nyjc|National Junior College|national jc|njc|Raffles Junior College|raffles jc|rjc,0.9144,"qhong61 wrote:  Anyone can help? It mainly depends on your cgpa/cap and relevant experience as research assistant/independent research (for those with really really good cgpa). Since masters in clinical psychology is what most first yr psych majors initially set out to pursue (coz for $$$/prestige besides being in research/PhD), the competition is very stiff (especially given its limited vacancies in sg) and you gotta be the creme of the crop or else you need to go overseas to complete it.  Tbh, in NTU/NUS, psychology is not as heavily based on groupwork as SMU's, so if you are not as good as academics as your peers (can roughly gauge by ur rp), you can kind of forget trying to vye for the limited spots.  Obviously, everyone would say your past academic performance (in JC) won't always predict what you get in uni but like from my very small and hence biased  sample size of my cohort intake of first year students, those with rp below 10th percentile (those who get around 76), they really kind of struggle while those from the top 5 jcs (HCI, VJC etc) and with  over 85 rp (which is quite a lot) and getting FCH. (Since NTU psych and probably NUS psych is more individual and test based unlike SMU's) If you are just trying to enter psych coz you think its interesting and only able to see its traditional path of clinical psychology (and not understanding what else is there to psychology), i think going nus fass is good so you can declare majors in other arts and social science should you realize you dont get at least a certain cap (e.g. 4.5/5.0) by the end of year 2 semester 1."
2019,Anglo-Chinese Junior College|anglo chinese junior college|anglo-chinese jc|acjc|Hwa Chong Junior College|hwa chong|hc|hcjc|Nanyang Junior College|nanyang jc|nyjc|National Junior College|national jc|njc|Raffles Junior College|raffles jc|rjc,0.9383,"Rockabye wrote:  It mainly depends on your cgpa/cap and relevant experience as research assistant/independent research (for those with really really good cgpa). Since masters in clinical psychology is what most first yr psych majors initially set out to pursue (coz for $$$/prestige besides being in research/PhD), the competition is very stiff (especially given its limited vacancies in sg) and you gotta be the creme of the crop or else you need to go overseas to complete it.  Tbh, in NTU/NUS, psychology is not as heavily based on groupwork as SMU's, so if you are not as good as academics as your peers (can roughly gauge by ur rp), you can kind of forget trying to vye for the limited spots.  Obviously, everyone would say your past academic performance (in JC) won't always predict what you get in uni but like from my very small and hence biased  sample size of my cohort intake of first year students, those with rp below 10th percentile (those who get around 76), they really kind of struggle while those from the top 5 jcs (HCI, VJC etc) and with  over 85 rp (which is quite a lot) and getting FCH. (Since NTU psych and probably NUS psych is more individual and test based unlike SMU's) If you are just trying to enter psych coz you think its interesting and only able to see its traditional path of clinical psychology (and not understanding what else is there to psychology), i think going nus fass is good so you can declare majors in other arts and social science should you realize you dont get at least a certain cap (e.g. 4.5/5.0) by the end of year 2 semester 1. Thank you so much. Are u also an undergrad? Which faculty?"
2019,Anglo-Chinese Junior College|anglo chinese junior college|anglo-chinese jc|acjc|Hwa Chong Junior College|hwa chong|hc|hcjc|Nanyang Junior College|nanyang jc|nyjc|National Junior College|national jc|njc|Raffles Junior College|raffles jc|rjc,0.3919,Kurt Tay wrote:  Nope she applied feb also. Her gpa 3.97 my gpa 3.96 but my offer still processing ;/ It might be your O Level score.  I have a friend who has low L1R4 alrd received offers from both NTU and NUS.  His GPA 3.926 but his R5 can bring him to ACJC in 2016 so I think is <7 for R5.
2019,Anglo-Chinese Junior College|anglo chinese junior college|anglo-chinese jc|acjc|Hwa Chong Junior College|hwa chong|hc|hcjc|Nanyang Junior College|nanyang jc|nyjc|National Junior College|national jc|njc|Raffles Junior College|raffles jc|rjc,0.4998,"cheesecrackers wrote:  What made you pick NTU over SMU? Because I heard SMU provides a lot more opportunities to students (overseas exchange, internship) whereas NTU have lesser? And also, how is NTU culture like compared to poly? was it difficult to adapt? I am also a biz student from poly btw. I'm just not too sure whether to go to SMU or NTU accountancy. T.T Consider this. Smu is a 4 year course and the fees they charge are 11k+.  U can simply take LoA for internships in NTU if u do not want to grad in 3 yrs.   If you're heading to big 4 after grad, heard the starting pay is more or less the same. If so, why go for a 4 year's course?  Ntu offers plenty of exchange opportunities too.  This is my personal opinion but I think poly kids are able to cope better if they go to smu rather than NUS or NTU.   You will definitely get a shock when you enter ntu. You would have to put in effort from week 1 if you want to maintain your gpa. In my first sem, majority of my classmates are from mid tier to top jcs (anderson, hwachong, raffles, acjc and etc). Their rank points are about 85 to 90. As such it is VERY VERY difficult to compete with them. Not sure about SMU."
2019,Anglo-Chinese Junior College|anglo chinese junior college|anglo-chinese jc|acjc|Hwa Chong Junior College|hwa chong|hc|hcjc|Nanyang Junior College|nanyang jc|nyjc|National Junior College|national jc|njc|Raffles Junior College|raffles jc|rjc,0.9144,"qhong61 wrote:  Anyone can help? It mainly depends on your cgpa/cap and relevant experience as research assistant/independent research (for those with really really good cgpa). Since masters in clinical psychology is what most first yr psych majors initially set out to pursue (coz for $$$/prestige besides being in research/PhD), the competition is very stiff (especially given its limited vacancies in sg) and you gotta be the creme of the crop or else you need to go overseas to complete it.  Tbh, in NTU/NUS, psychology is not as heavily based on groupwork as SMU's, so if you are not as good as academics as your peers (can roughly gauge by ur rp), you can kind of forget trying to vye for the limited spots.  Obviously, everyone would say your past academic performance (in JC) won't always predict what you get in uni but like from my very small and hence biased  sample size of my cohort intake of first year students, those with rp below 10th percentile (those who get around 76), they really kind of struggle while those from the top 5 jcs (HCI, VJC etc) and with  over 85 rp (which is quite a lot) and getting FCH. (Since NTU psych and probably NUS psych is more individual and test based unlike SMU's) If you are just trying to enter psych coz you think its interesting and only able to see its traditional path of clinical psychology (and not understanding what else is there to psychology), i think going nus fass is good so you can declare majors in other arts and social science should you realize you dont get at least a certain cap (e.g. 4.5/5.0) by the end of year 2 semester 1."
2019,Anglo-Chinese Junior College|anglo chinese junior college|anglo-chinese jc|acjc|Hwa Chong Junior College|hwa chong|hc|hcjc|Nanyang Junior College|nanyang jc|nyjc|National Junior College|national jc|njc|Raffles Junior College|raffles jc|rjc,0.9383,"Rockabye wrote:  It mainly depends on your cgpa/cap and relevant experience as research assistant/independent research (for those with really really good cgpa). Since masters in clinical psychology is what most first yr psych majors initially set out to pursue (coz for $$$/prestige besides being in research/PhD), the competition is very stiff (especially given its limited vacancies in sg) and you gotta be the creme of the crop or else you need to go overseas to complete it.  Tbh, in NTU/NUS, psychology is not as heavily based on groupwork as SMU's, so if you are not as good as academics as your peers (can roughly gauge by ur rp), you can kind of forget trying to vye for the limited spots.  Obviously, everyone would say your past academic performance (in JC) won't always predict what you get in uni but like from my very small and hence biased  sample size of my cohort intake of first year students, those with rp below 10th percentile (those who get around 76), they really kind of struggle while those from the top 5 jcs (HCI, VJC etc) and with  over 85 rp (which is quite a lot) and getting FCH. (Since NTU psych and probably NUS psych is more individual and test based unlike SMU's) If you are just trying to enter psych coz you think its interesting and only able to see its traditional path of clinical psychology (and not understanding what else is there to psychology), i think going nus fass is good so you can declare majors in other arts and social science should you realize you dont get at least a certain cap (e.g. 4.5/5.0) by the end of year 2 semester 1. Thank you so much. Are u also an undergrad? Which faculty?"
2019,Anglo-Chinese Junior College|anglo chinese junior college|anglo-chinese jc|acjc|Hwa Chong Junior College|hwa chong|hc|hcjc|Nanyang Junior College|nanyang jc|nyjc|National Junior College|national jc|njc|Raffles Junior College|raffles jc|rjc,0.9746,"cheesecrackers wrote:  What made you pick NTU over SMU? Because I heard SMU provides a lot more opportunities to students (overseas exchange, internship) whereas NTU have lesser? And also, how is NTU culture like compared to poly? was it difficult to adapt? I am also a biz student from poly btw. I'm just not too sure whether to go to SMU or NTU accountancy. T.T Siaolangkeng wrote:  Consider this. Smu is a 4 year course and the fees they charge are 11k+.  U can simply take LoA for internships in NTU if u do not want to grad in 3 yrs.   If you're heading to big 4 after grad, heard the starting pay is more or less the same. If so, why go for a 4 year's course?  Ntu offers plenty of exchange opportunities too.  This is my personal opinion but I think poly kids are able to cope better if they go to smu rather than NUS or NTU.   You will definitely get a shock when you enter ntu. You would have to put in effort from week 1 if you want to maintain your gpa. In my first sem, majority of my classmates are from mid tier to top jcs (anderson, hwachong, raffles, acjc and etc). Their rank points are about 85 to 90. As such it is VERY VERY difficult to compete with them. Not sure about SMU. FrostWurm wrote:  Graduated from NBS several years ago. The culture is very cheena, so if you are not cheena, I strongly suggest NUS or SMU if not you will be like a fish out of water. In terms of career services, SMU is ahead. They usually get better placements, and students can do internships during the term due to the proximity of the school to CBD. They are way ahead of NUS and NTU in placing their students into good jobs. But school fees more expensive, and SMU doesn't have hall life (if you want to experience it). Also seems that the competition there is extremely fierce (class participation anyone?). But its in the city which also has some perks. Probably NTU if you just wanna grad quickly and be an auditor (although many also end up in management associate roles). SMU may be better if you are aiming for front office finance positions. actually for poly grads going uni & intend to go big4, better to go SIT. can become Associate 2 upon graduation and it is 2-3 years course. but if want big 3 then NTU because 3 years course. Good Internships usually require self source Sent from moi brain using GAGT"
2020,Anglo-Chinese Junior College|anglo chinese junior college|anglo-chinese jc|acjc|Hwa Chong Junior College|hwa chong|hc|hcjc|Nanyang Junior College|nanyang jc|nyjc|National Junior College|national jc|njc|Raffles Junior College|raffles jc|rjc,
