year,term,score,sentence
2018,Jurong Junior College|Jurong Pioneer Junior College|Pioneer Junior College|jurong pioneer jc|jurong jc|pioneer jc|jjc|pjc|jpjc|Eunoia Junior College|Eunoia jc|ejc|Innova Junior College|innova jc|ijc|Tampines Junior College|Tampines Meridian Junior College|Meridian Junior College|Tampines Meridian jc|Tampines jc|Meridian jc|mjc|tpjc|tmjc|Yishun Innova Junior College|Yishun Junior College|Innova Junior College|yishun jc|innova jc|yishun innova jc|yjc|ijc|yijc,0.5267,"in case anyone was wondering, i got rejcted from NUS biz and fass (1st and 2nd choice) as singapore citizen w/ international qualification. for future reference, even though the entry requirement is super tough for international qualification, you’ll have to meet it irregardless if citizen or not."
2018,Jurong Junior College|Jurong Pioneer Junior College|Pioneer Junior College|jurong pioneer jc|jurong jc|pioneer jc|jjc|pjc|jpjc|Eunoia Junior College|Eunoia jc|ejc|Innova Junior College|innova jc|ijc|Tampines Junior College|Tampines Meridian Junior College|Meridian Junior College|Tampines Meridian jc|Tampines jc|Meridian jc|mjc|tpjc|tmjc|Yishun Innova Junior College|Yishun Junior College|Innova Junior College|yishun jc|innova jc|yishun innova jc|yjc|ijc|yijc,0.5267,"dre5050 wrote:  in case anyone was wondering, i got rejcted from NUS biz and fass (1st and 2nd choice) as singapore citizen w/ international qualification. for future reference, even though the entry requirement is super tough for international qualification, you’ll have to meet it irregardless if citizen or not. hi may i know what qualification you used and the grades you got?"
2018,Jurong Junior College|Jurong Pioneer Junior College|Pioneer Junior College|jurong pioneer jc|jurong jc|pioneer jc|jjc|pjc|jpjc|Eunoia Junior College|Eunoia jc|ejc|Innova Junior College|innova jc|ijc|Tampines Junior College|Tampines Meridian Junior College|Meridian Junior College|Tampines Meridian jc|Tampines jc|Meridian jc|mjc|tpjc|tmjc|Yishun Innova Junior College|Yishun Junior College|Innova Junior College|yishun jc|innova jc|yishun innova jc|yjc|ijc|yijc,0.8957,"Ihatejc wrote:  Just asking if i have a nus offer last year reserved for me and if i applied to ntu and get offered, can i choose between the nus course that i accepted last year and the ntu course that was offered this year on the joint acceptance portal? Hi, yes. You will see something like this:https://i.imgur.com/cRGqekk.png (Screenshot courtesy of another forumer here)"
2018,Jurong Junior College|Jurong Pioneer Junior College|Pioneer Junior College|jurong pioneer jc|jurong jc|pioneer jc|jjc|pjc|jpjc|Eunoia Junior College|Eunoia jc|ejc|Innova Junior College|innova jc|ijc|Tampines Junior College|Tampines Meridian Junior College|Meridian Junior College|Tampines Meridian jc|Tampines jc|Meridian jc|mjc|tpjc|tmjc|Yishun Innova Junior College|Yishun Junior College|Innova Junior College|yishun jc|innova jc|yishun innova jc|yjc|ijc|yijc,0.9081,"Ihatejc wrote:  Just asking if i have a nus offer last year reserved for me and if i applied to ntu and get offered, can i choose between the nus course that i accepted last year and the ntu course that was offered this year on the joint acceptance portal? Yes. When you accept the NTU course offered this year at the Common Acceptance Portal, your reserved place at NUS will be released for new applicants. Check it out with NUS / NTU Admission Offices, if you wish.Amituofo"
2018,Jurong Junior College|Jurong Pioneer Junior College|Pioneer Junior College|jurong pioneer jc|jurong jc|pioneer jc|jjc|pjc|jpjc|Eunoia Junior College|Eunoia jc|ejc|Innova Junior College|innova jc|ijc|Tampines Junior College|Tampines Meridian Junior College|Meridian Junior College|Tampines Meridian jc|Tampines jc|Meridian jc|mjc|tpjc|tmjc|Yishun Innova Junior College|Yishun Junior College|Innova Junior College|yishun jc|innova jc|yishun innova jc|yjc|ijc|yijc,0.5267,"in case anyone was wondering, i got rejcted from NUS biz and fass (1st and 2nd choice) as singapore citizen w/ international qualification. for future reference, even though the entry requirement is super tough for international qualification, you’ll have to meet it irregardless if citizen or not."
2018,Jurong Junior College|Jurong Pioneer Junior College|Pioneer Junior College|jurong pioneer jc|jurong jc|pioneer jc|jjc|pjc|jpjc|Eunoia Junior College|Eunoia jc|ejc|Innova Junior College|innova jc|ijc|Tampines Junior College|Tampines Meridian Junior College|Meridian Junior College|Tampines Meridian jc|Tampines jc|Meridian jc|mjc|tpjc|tmjc|Yishun Innova Junior College|Yishun Junior College|Innova Junior College|yishun jc|innova jc|yishun innova jc|yjc|ijc|yijc,0.5267,"dre5050 wrote:  in case anyone was wondering, i got rejcted from NUS biz and fass (1st and 2nd choice) as singapore citizen w/ international qualification. for future reference, even though the entry requirement is super tough for international qualification, you’ll have to meet it irregardless if citizen or not. hi may i know what qualification you used and the grades you got?"
2018,Jurong Junior College|Jurong Pioneer Junior College|Pioneer Junior College|jurong pioneer jc|jurong jc|pioneer jc|jjc|pjc|jpjc|Eunoia Junior College|Eunoia jc|ejc|Innova Junior College|innova jc|ijc|Tampines Junior College|Tampines Meridian Junior College|Meridian Junior College|Tampines Meridian jc|Tampines jc|Meridian jc|mjc|tpjc|tmjc|Yishun Innova Junior College|Yishun Junior College|Innova Junior College|yishun jc|innova jc|yishun innova jc|yjc|ijc|yijc,0.8957,"Ihatejc wrote:  Just asking if i have a nus offer last year reserved for me and if i applied to ntu and get offered, can i choose between the nus course that i accepted last year and the ntu course that was offered this year on the joint acceptance portal? Hi, yes. You will see something like this:https://i.imgur.com/cRGqekk.png (Screenshot courtesy of another forumer here)"
2018,Jurong Junior College|Jurong Pioneer Junior College|Pioneer Junior College|jurong pioneer jc|jurong jc|pioneer jc|jjc|pjc|jpjc|Eunoia Junior College|Eunoia jc|ejc|Innova Junior College|innova jc|ijc|Tampines Junior College|Tampines Meridian Junior College|Meridian Junior College|Tampines Meridian jc|Tampines jc|Meridian jc|mjc|tpjc|tmjc|Yishun Innova Junior College|Yishun Junior College|Innova Junior College|yishun jc|innova jc|yishun innova jc|yjc|ijc|yijc,0.9081,"Ihatejc wrote:  Just asking if i have a nus offer last year reserved for me and if i applied to ntu and get offered, can i choose between the nus course that i accepted last year and the ntu course that was offered this year on the joint acceptance portal? Yes. When you accept the NTU course offered this year at the Common Acceptance Portal, your reserved place at NUS will be released for new applicants. Check it out with NUS / NTU Admission Offices, if you wish.Amituofo"
2019,Jurong Junior College|Jurong Pioneer Junior College|Pioneer Junior College|jurong pioneer jc|jurong jc|pioneer jc|jjc|pjc|jpjc|Eunoia Junior College|Eunoia jc|ejc|Innova Junior College|innova jc|ijc|Tampines Junior College|Tampines Meridian Junior College|Meridian Junior College|Tampines Meridian jc|Tampines jc|Meridian jc|mjc|tpjc|tmjc|Yishun Innova Junior College|Yishun Junior College|Innova Junior College|yishun jc|innova jc|yishun innova jc|yjc|ijc|yijc,
2020,Jurong Junior College|Jurong Pioneer Junior College|Pioneer Junior College|jurong pioneer jc|jurong jc|pioneer jc|jjc|pjc|jpjc|Eunoia Junior College|Eunoia jc|ejc|Innova Junior College|innova jc|ijc|Tampines Junior College|Tampines Meridian Junior College|Meridian Junior College|Tampines Meridian jc|Tampines jc|Meridian jc|mjc|tpjc|tmjc|Yishun Innova Junior College|Yishun Junior College|Innova Junior College|yishun jc|innova jc|yishun innova jc|yjc|ijc|yijc,
