year,term,score,sentence
2018,Saint Andrew's Junior College|saint andrews junior college|saint andrews jc|sajc|Anderson Serangoon Junior College|Anderson Junior College|Serangoon Junior college|anderson jc|serangoon jc|sjc|ajc|asjc|Catholic Junior College|catholic jc|cjc|Dunman High School|Dunman|dhs|St. Joseph's Institution|sji|Temasek Junior College|temasek jc|tjc|Victoria Junior College|Victoria jc|vjc,0.0,tjcmushroom wrote:  I'll PM you. me too about smu int!
2018,Saint Andrew's Junior College|saint andrews junior college|saint andrews jc|sajc|Anderson Serangoon Junior College|Anderson Junior College|Serangoon Junior college|anderson jc|serangoon jc|sjc|ajc|asjc|Catholic Junior College|catholic jc|cjc|Dunman High School|Dunman|dhs|St. Joseph's Institution|sji|Temasek Junior College|temasek jc|tjc|Victoria Junior College|Victoria jc|vjc,0.0,"May I know when did you received your notification for interview? What’s the 10th percentile entry for JC? (Sorry, because I don’t know how is it calculated) tjcmushroom wrote:  Hey! Yup, it's for SMU IS! I'm from JC, RP 73.75 "
2018,Saint Andrew's Junior College|saint andrews junior college|saint andrews jc|sajc|Anderson Serangoon Junior College|Anderson Junior College|Serangoon Junior college|anderson jc|serangoon jc|sjc|ajc|asjc|Catholic Junior College|catholic jc|cjc|Dunman High School|Dunman|dhs|St. Joseph's Institution|sji|Temasek Junior College|temasek jc|tjc|Victoria Junior College|Victoria jc|vjc,0.468,"Hey there, is your interview for SMU IS? Are you from JC or poly? tjcmushroom wrote:  Hi! Was the Karel test taken on the computer or was it a pen and paper test? Also, anyone with any experience on the website heuristics test? What's expected for it? Do we have to write or type something out? Thanks! Really nervous because my interview's on the 3rd. "
2018,Saint Andrew's Junior College|saint andrews junior college|saint andrews jc|sajc|Anderson Serangoon Junior College|Anderson Junior College|Serangoon Junior college|anderson jc|serangoon jc|sjc|ajc|asjc|Catholic Junior College|catholic jc|cjc|Dunman High School|Dunman|dhs|St. Joseph's Institution|sji|Temasek Junior College|temasek jc|tjc|Victoria Junior College|Victoria jc|vjc,0.4926,"tjcmushroom wrote:  I'll PM you. Can pm me too? About smu is interview, thanks!"
2018,Saint Andrew's Junior College|saint andrews junior college|saint andrews jc|sajc|Anderson Serangoon Junior College|Anderson Junior College|Serangoon Junior college|anderson jc|serangoon jc|sjc|ajc|asjc|Catholic Junior College|catholic jc|cjc|Dunman High School|Dunman|dhs|St. Joseph's Institution|sji|Temasek Junior College|temasek jc|tjc|Victoria Junior College|Victoria jc|vjc,0.5191,"Hey tjcmushroom, saw somewhere that u went for SMU IS interview! Can u pm me some details of the interview? tjcmushroom wrote:  Yes. Did they give you the option to choose between programming and web critique? "
2018,Saint Andrew's Junior College|saint andrews junior college|saint andrews jc|sajc|Anderson Serangoon Junior College|Anderson Junior College|Serangoon Junior college|anderson jc|serangoon jc|sjc|ajc|asjc|Catholic Junior College|catholic jc|cjc|Dunman High School|Dunman|dhs|St. Joseph's Institution|sji|Temasek Junior College|temasek jc|tjc|Victoria Junior College|Victoria jc|vjc,0.5575,"tjcmushroom wrote:  Hey! Congrats on your offer! Did they ask you standard interview questions like why SMU? And did you see anyone attempting the web heuristics test? nope they didn't ask those questions. Yep I saw, they were given paper and a computer as well, but not sure how the test was carried out"
2018,Saint Andrew's Junior College|saint andrews junior college|saint andrews jc|sajc|Anderson Serangoon Junior College|Anderson Junior College|Serangoon Junior college|anderson jc|serangoon jc|sjc|ajc|asjc|Catholic Junior College|catholic jc|cjc|Dunman High School|Dunman|dhs|St. Joseph's Institution|sji|Temasek Junior College|temasek jc|tjc|Victoria Junior College|Victoria jc|vjc,0.6747,"tjcmushroom wrote:  how do you check the JAP portal? Isn't there only the NUS/NTU/SMU portals? How do I access the JAP? it’s a shared portal for all uni in sg, where u accept the uni offer. u only have access to it if u got an offer."
2018,Saint Andrew's Junior College|saint andrews junior college|saint andrews jc|sajc|Anderson Serangoon Junior College|Anderson Junior College|Serangoon Junior college|anderson jc|serangoon jc|sjc|ajc|asjc|Catholic Junior College|catholic jc|cjc|Dunman High School|Dunman|dhs|St. Joseph's Institution|sji|Temasek Junior College|temasek jc|tjc|Victoria Junior College|Victoria jc|vjc,0.7642,"tjcmushroom wrote:  these people who were called up are going for RE as well? I’m from JC. A PR student Rank point 68.75 without MTL  (****ed up Results due to high fever during the alevel period, but to be honest my GP is always as disgusting as result shown) H2 BIO - B H2 CHEM - C H2 MATH - C H1 ECON - B GP - S PW - A Applied for NUS  RE First Choice and is accepted without an interview NTU - no reply yet First Choice *Engineering Second ChoiceMaterials Engineering Third ChoiceBioengineering Fourth ChoiceMaritime Studies SMU - no reply yet First Choice     Economic Second Choice    Information system Third Choice     Social Science i really want to study BBA or economic but i guess a beggar cant be a chooser. if any of you guys know anything about NUS RE please kindly give us suggestions."
2018,Saint Andrew's Junior College|saint andrews junior college|saint andrews jc|sajc|Anderson Serangoon Junior College|Anderson Junior College|Serangoon Junior college|anderson jc|serangoon jc|sjc|ajc|asjc|Catholic Junior College|catholic jc|cjc|Dunman High School|Dunman|dhs|St. Joseph's Institution|sji|Temasek Junior College|temasek jc|tjc|Victoria Junior College|Victoria jc|vjc,0.9475,"Hahah! Oh I see, best of luck!! tjcmushroom wrote:  Hey Raxxxxxx. (I hope I got your name right)  I missed the first call, called back and got no response then finally received the call from SMU IS at 3:48 pm on the 28th!  10th percentile for this course is 73.75, so I am really lucky to have this chance haha. "
2018,Saint Andrew's Junior College|saint andrews junior college|saint andrews jc|sajc|Anderson Serangoon Junior College|Anderson Junior College|Serangoon Junior college|anderson jc|serangoon jc|sjc|ajc|asjc|Catholic Junior College|catholic jc|cjc|Dunman High School|Dunman|dhs|St. Joseph's Institution|sji|Temasek Junior College|temasek jc|tjc|Victoria Junior College|Victoria jc|vjc,0.9557,"tjcmushroom wrote:  Did you have any prior experience with coding? Because I don't >.< and I'm stuck at Unit 8 for the link SMU gave us so I'm worried I'd be at a disadvantage... Yet, I'm not sure what to expect for the heuristics part because it seems like not many people attempted it?  Anyone that did, please reply! Would really like your feedback! Oh, and uh, during the interview, did they ask standard interview questions? Thanks Noblegas! I didn't have any coding experience before the interview. But now i can program in four programming language hahaha. Anyway i don't know what they looking for in the interview. I passed the test perfectly and explained my answer well. Still they dragged me till July and rejected me lol"
2019,Saint Andrew's Junior College|saint andrews junior college|saint andrews jc|sajc|Anderson Serangoon Junior College|Anderson Junior College|Serangoon Junior college|anderson jc|serangoon jc|sjc|ajc|asjc|Catholic Junior College|catholic jc|cjc|Dunman High School|Dunman|dhs|St. Joseph's Institution|sji|Temasek Junior College|temasek jc|tjc|Victoria Junior College|Victoria jc|vjc,0.4998,"cheesecrackers wrote:  What made you pick NTU over SMU? Because I heard SMU provides a lot more opportunities to students (overseas exchange, internship) whereas NTU have lesser? And also, how is NTU culture like compared to poly? was it difficult to adapt? I am also a biz student from poly btw. I'm just not too sure whether to go to SMU or NTU accountancy. T.T Consider this. Smu is a 4 year course and the fees they charge are 11k+.  U can simply take LoA for internships in NTU if u do not want to grad in 3 yrs.   If you're heading to big 4 after grad, heard the starting pay is more or less the same. If so, why go for a 4 year's course?  Ntu offers plenty of exchange opportunities too.  This is my personal opinion but I think poly kids are able to cope better if they go to smu rather than NUS or NTU.   You will definitely get a shock when you enter ntu. You would have to put in effort from week 1 if you want to maintain your gpa. In my first sem, majority of my classmates are from mid tier to top jcs (anderson, hwachong, raffles, acjc and etc). Their rank points are about 85 to 90. As such it is VERY VERY difficult to compete with them. Not sure about SMU."
2019,Saint Andrew's Junior College|saint andrews junior college|saint andrews jc|sajc|Anderson Serangoon Junior College|Anderson Junior College|Serangoon Junior college|anderson jc|serangoon jc|sjc|ajc|asjc|Catholic Junior College|catholic jc|cjc|Dunman High School|Dunman|dhs|St. Joseph's Institution|sji|Temasek Junior College|temasek jc|tjc|Victoria Junior College|Victoria jc|vjc,0.9144,"qhong61 wrote:  Anyone can help? It mainly depends on your cgpa/cap and relevant experience as research assistant/independent research (for those with really really good cgpa). Since masters in clinical psychology is what most first yr psych majors initially set out to pursue (coz for $$$/prestige besides being in research/PhD), the competition is very stiff (especially given its limited vacancies in sg) and you gotta be the creme of the crop or else you need to go overseas to complete it.  Tbh, in NTU/NUS, psychology is not as heavily based on groupwork as SMU's, so if you are not as good as academics as your peers (can roughly gauge by ur rp), you can kind of forget trying to vye for the limited spots.  Obviously, everyone would say your past academic performance (in JC) won't always predict what you get in uni but like from my very small and hence biased  sample size of my cohort intake of first year students, those with rp below 10th percentile (those who get around 76), they really kind of struggle while those from the top 5 jcs (HCI, VJC etc) and with  over 85 rp (which is quite a lot) and getting FCH. (Since NTU psych and probably NUS psych is more individual and test based unlike SMU's) If you are just trying to enter psych coz you think its interesting and only able to see its traditional path of clinical psychology (and not understanding what else is there to psychology), i think going nus fass is good so you can declare majors in other arts and social science should you realize you dont get at least a certain cap (e.g. 4.5/5.0) by the end of year 2 semester 1."
2019,Saint Andrew's Junior College|saint andrews junior college|saint andrews jc|sajc|Anderson Serangoon Junior College|Anderson Junior College|Serangoon Junior college|anderson jc|serangoon jc|sjc|ajc|asjc|Catholic Junior College|catholic jc|cjc|Dunman High School|Dunman|dhs|St. Joseph's Institution|sji|Temasek Junior College|temasek jc|tjc|Victoria Junior College|Victoria jc|vjc,0.9383,"Rockabye wrote:  It mainly depends on your cgpa/cap and relevant experience as research assistant/independent research (for those with really really good cgpa). Since masters in clinical psychology is what most first yr psych majors initially set out to pursue (coz for $$$/prestige besides being in research/PhD), the competition is very stiff (especially given its limited vacancies in sg) and you gotta be the creme of the crop or else you need to go overseas to complete it.  Tbh, in NTU/NUS, psychology is not as heavily based on groupwork as SMU's, so if you are not as good as academics as your peers (can roughly gauge by ur rp), you can kind of forget trying to vye for the limited spots.  Obviously, everyone would say your past academic performance (in JC) won't always predict what you get in uni but like from my very small and hence biased  sample size of my cohort intake of first year students, those with rp below 10th percentile (those who get around 76), they really kind of struggle while those from the top 5 jcs (HCI, VJC etc) and with  over 85 rp (which is quite a lot) and getting FCH. (Since NTU psych and probably NUS psych is more individual and test based unlike SMU's) If you are just trying to enter psych coz you think its interesting and only able to see its traditional path of clinical psychology (and not understanding what else is there to psychology), i think going nus fass is good so you can declare majors in other arts and social science should you realize you dont get at least a certain cap (e.g. 4.5/5.0) by the end of year 2 semester 1. Thank you so much. Are u also an undergrad? Which faculty?"
2019,Saint Andrew's Junior College|saint andrews junior college|saint andrews jc|sajc|Anderson Serangoon Junior College|Anderson Junior College|Serangoon Junior college|anderson jc|serangoon jc|sjc|ajc|asjc|Catholic Junior College|catholic jc|cjc|Dunman High School|Dunman|dhs|St. Joseph's Institution|sji|Temasek Junior College|temasek jc|tjc|Victoria Junior College|Victoria jc|vjc,0.9746,"cheesecrackers wrote:  What made you pick NTU over SMU? Because I heard SMU provides a lot more opportunities to students (overseas exchange, internship) whereas NTU have lesser? And also, how is NTU culture like compared to poly? was it difficult to adapt? I am also a biz student from poly btw. I'm just not too sure whether to go to SMU or NTU accountancy. T.T Siaolangkeng wrote:  Consider this. Smu is a 4 year course and the fees they charge are 11k+.  U can simply take LoA for internships in NTU if u do not want to grad in 3 yrs.   If you're heading to big 4 after grad, heard the starting pay is more or less the same. If so, why go for a 4 year's course?  Ntu offers plenty of exchange opportunities too.  This is my personal opinion but I think poly kids are able to cope better if they go to smu rather than NUS or NTU.   You will definitely get a shock when you enter ntu. You would have to put in effort from week 1 if you want to maintain your gpa. In my first sem, majority of my classmates are from mid tier to top jcs (anderson, hwachong, raffles, acjc and etc). Their rank points are about 85 to 90. As such it is VERY VERY difficult to compete with them. Not sure about SMU. FrostWurm wrote:  Graduated from NBS several years ago. The culture is very cheena, so if you are not cheena, I strongly suggest NUS or SMU if not you will be like a fish out of water. In terms of career services, SMU is ahead. They usually get better placements, and students can do internships during the term due to the proximity of the school to CBD. They are way ahead of NUS and NTU in placing their students into good jobs. But school fees more expensive, and SMU doesn't have hall life (if you want to experience it). Also seems that the competition there is extremely fierce (class participation anyone?). But its in the city which also has some perks. Probably NTU if you just wanna grad quickly and be an auditor (although many also end up in management associate roles). SMU may be better if you are aiming for front office finance positions. actually for poly grads going uni & intend to go big4, better to go SIT. can become Associate 2 upon graduation and it is 2-3 years course. but if want big 3 then NTU because 3 years course. Good Internships usually require self source Sent from moi brain using GAGT"
2019,Saint Andrew's Junior College|saint andrews junior college|saint andrews jc|sajc|Anderson Serangoon Junior College|Anderson Junior College|Serangoon Junior college|anderson jc|serangoon jc|sjc|ajc|asjc|Catholic Junior College|catholic jc|cjc|Dunman High School|Dunman|dhs|St. Joseph's Institution|sji|Temasek Junior College|temasek jc|tjc|Victoria Junior College|Victoria jc|vjc,0.4998,"cheesecrackers wrote:  What made you pick NTU over SMU? Because I heard SMU provides a lot more opportunities to students (overseas exchange, internship) whereas NTU have lesser? And also, how is NTU culture like compared to poly? was it difficult to adapt? I am also a biz student from poly btw. I'm just not too sure whether to go to SMU or NTU accountancy. T.T Consider this. Smu is a 4 year course and the fees they charge are 11k+.  U can simply take LoA for internships in NTU if u do not want to grad in 3 yrs.   If you're heading to big 4 after grad, heard the starting pay is more or less the same. If so, why go for a 4 year's course?  Ntu offers plenty of exchange opportunities too.  This is my personal opinion but I think poly kids are able to cope better if they go to smu rather than NUS or NTU.   You will definitely get a shock when you enter ntu. You would have to put in effort from week 1 if you want to maintain your gpa. In my first sem, majority of my classmates are from mid tier to top jcs (anderson, hwachong, raffles, acjc and etc). Their rank points are about 85 to 90. As such it is VERY VERY difficult to compete with them. Not sure about SMU."
2019,Saint Andrew's Junior College|saint andrews junior college|saint andrews jc|sajc|Anderson Serangoon Junior College|Anderson Junior College|Serangoon Junior college|anderson jc|serangoon jc|sjc|ajc|asjc|Catholic Junior College|catholic jc|cjc|Dunman High School|Dunman|dhs|St. Joseph's Institution|sji|Temasek Junior College|temasek jc|tjc|Victoria Junior College|Victoria jc|vjc,0.9144,"qhong61 wrote:  Anyone can help? It mainly depends on your cgpa/cap and relevant experience as research assistant/independent research (for those with really really good cgpa). Since masters in clinical psychology is what most first yr psych majors initially set out to pursue (coz for $$$/prestige besides being in research/PhD), the competition is very stiff (especially given its limited vacancies in sg) and you gotta be the creme of the crop or else you need to go overseas to complete it.  Tbh, in NTU/NUS, psychology is not as heavily based on groupwork as SMU's, so if you are not as good as academics as your peers (can roughly gauge by ur rp), you can kind of forget trying to vye for the limited spots.  Obviously, everyone would say your past academic performance (in JC) won't always predict what you get in uni but like from my very small and hence biased  sample size of my cohort intake of first year students, those with rp below 10th percentile (those who get around 76), they really kind of struggle while those from the top 5 jcs (HCI, VJC etc) and with  over 85 rp (which is quite a lot) and getting FCH. (Since NTU psych and probably NUS psych is more individual and test based unlike SMU's) If you are just trying to enter psych coz you think its interesting and only able to see its traditional path of clinical psychology (and not understanding what else is there to psychology), i think going nus fass is good so you can declare majors in other arts and social science should you realize you dont get at least a certain cap (e.g. 4.5/5.0) by the end of year 2 semester 1."
2019,Saint Andrew's Junior College|saint andrews junior college|saint andrews jc|sajc|Anderson Serangoon Junior College|Anderson Junior College|Serangoon Junior college|anderson jc|serangoon jc|sjc|ajc|asjc|Catholic Junior College|catholic jc|cjc|Dunman High School|Dunman|dhs|St. Joseph's Institution|sji|Temasek Junior College|temasek jc|tjc|Victoria Junior College|Victoria jc|vjc,0.9383,"Rockabye wrote:  It mainly depends on your cgpa/cap and relevant experience as research assistant/independent research (for those with really really good cgpa). Since masters in clinical psychology is what most first yr psych majors initially set out to pursue (coz for $$$/prestige besides being in research/PhD), the competition is very stiff (especially given its limited vacancies in sg) and you gotta be the creme of the crop or else you need to go overseas to complete it.  Tbh, in NTU/NUS, psychology is not as heavily based on groupwork as SMU's, so if you are not as good as academics as your peers (can roughly gauge by ur rp), you can kind of forget trying to vye for the limited spots.  Obviously, everyone would say your past academic performance (in JC) won't always predict what you get in uni but like from my very small and hence biased  sample size of my cohort intake of first year students, those with rp below 10th percentile (those who get around 76), they really kind of struggle while those from the top 5 jcs (HCI, VJC etc) and with  over 85 rp (which is quite a lot) and getting FCH. (Since NTU psych and probably NUS psych is more individual and test based unlike SMU's) If you are just trying to enter psych coz you think its interesting and only able to see its traditional path of clinical psychology (and not understanding what else is there to psychology), i think going nus fass is good so you can declare majors in other arts and social science should you realize you dont get at least a certain cap (e.g. 4.5/5.0) by the end of year 2 semester 1. Thank you so much. Are u also an undergrad? Which faculty?"
2019,Saint Andrew's Junior College|saint andrews junior college|saint andrews jc|sajc|Anderson Serangoon Junior College|Anderson Junior College|Serangoon Junior college|anderson jc|serangoon jc|sjc|ajc|asjc|Catholic Junior College|catholic jc|cjc|Dunman High School|Dunman|dhs|St. Joseph's Institution|sji|Temasek Junior College|temasek jc|tjc|Victoria Junior College|Victoria jc|vjc,0.9746,"cheesecrackers wrote:  What made you pick NTU over SMU? Because I heard SMU provides a lot more opportunities to students (overseas exchange, internship) whereas NTU have lesser? And also, how is NTU culture like compared to poly? was it difficult to adapt? I am also a biz student from poly btw. I'm just not too sure whether to go to SMU or NTU accountancy. T.T Siaolangkeng wrote:  Consider this. Smu is a 4 year course and the fees they charge are 11k+.  U can simply take LoA for internships in NTU if u do not want to grad in 3 yrs.   If you're heading to big 4 after grad, heard the starting pay is more or less the same. If so, why go for a 4 year's course?  Ntu offers plenty of exchange opportunities too.  This is my personal opinion but I think poly kids are able to cope better if they go to smu rather than NUS or NTU.   You will definitely get a shock when you enter ntu. You would have to put in effort from week 1 if you want to maintain your gpa. In my first sem, majority of my classmates are from mid tier to top jcs (anderson, hwachong, raffles, acjc and etc). Their rank points are about 85 to 90. As such it is VERY VERY difficult to compete with them. Not sure about SMU. FrostWurm wrote:  Graduated from NBS several years ago. The culture is very cheena, so if you are not cheena, I strongly suggest NUS or SMU if not you will be like a fish out of water. In terms of career services, SMU is ahead. They usually get better placements, and students can do internships during the term due to the proximity of the school to CBD. They are way ahead of NUS and NTU in placing their students into good jobs. But school fees more expensive, and SMU doesn't have hall life (if you want to experience it). Also seems that the competition there is extremely fierce (class participation anyone?). But its in the city which also has some perks. Probably NTU if you just wanna grad quickly and be an auditor (although many also end up in management associate roles). SMU may be better if you are aiming for front office finance positions. actually for poly grads going uni & intend to go big4, better to go SIT. can become Associate 2 upon graduation and it is 2-3 years course. but if want big 3 then NTU because 3 years course. Good Internships usually require self source Sent from moi brain using GAGT"
2020,Saint Andrew's Junior College|saint andrews junior college|saint andrews jc|sajc|Anderson Serangoon Junior College|Anderson Junior College|Serangoon Junior college|anderson jc|serangoon jc|sjc|ajc|asjc|Catholic Junior College|catholic jc|cjc|Dunman High School|Dunman|dhs|St. Joseph's Institution|sji|Temasek Junior College|temasek jc|tjc|Victoria Junior College|Victoria jc|vjc,
