year,term,score,sentence
2018,Anglo-Chinese Junior College|anglo chinese junior college|anglo-chinese jc|acjc|Hwa Chong Junior College|hwa chong|hc|hcjc|Nanyang Junior College|nanyang jc|nyjc|National Junior College|national jc|njc|Raffles Junior College|raffles jc|rjc,0.5255,Contributing to Appeal Chance Rater! JC RP: 73.73 wo MT (without DA) MT grade: NA coz HCL in sec sch Accepted to SMU Econs.  nationality: Chinese (not PR)
2018,Anglo-Chinese Junior College|anglo chinese junior college|anglo-chinese jc|acjc|Hwa Chong Junior College|hwa chong|hc|hcjc|Nanyang Junior College|nanyang jc|nyjc|National Junior College|national jc|njc|Raffles Junior College|raffles jc|rjc,0.9604,"Hello there! I'm here to contribute to the Appeal Chance Rater (ACR) heh~ After retaking A levels, I got CDBB/B (in order of BCME/GP), but since I took 4H2s and my chem in 2016 was a C, I combined both certs and it became CCBB/B. My RP is 75 raw, while it is a 76.5 with HCL O levels counted. I applied for business for NUS, NTU and SMU, and got offered NTU first in mid-April, and it was a direct offer. Got called up for SMU business interview which I went in mid-April, and got offered 2 days later. My NUS offer came the last, 2 weeks later after I was offered SMU, and I was about to lose hope when the offer came in! It has been such a tough ride, but I'm glad I chose to retake as it has given me so much more options, and most importantly, I got into the course that I truly want (after exploring for one more year).  All the best to all of you out there!! For those who are still anxiously waiting for a reply, or have already been rejected, I was once in your place so I understand exactly how that feels... But remember to chin up and get back on your feet for the sake of yourself (': You all can do this!!"
2018,Anglo-Chinese Junior College|anglo chinese junior college|anglo-chinese jc|acjc|Hwa Chong Junior College|hwa chong|hc|hcjc|Nanyang Junior College|nanyang jc|nyjc|National Junior College|national jc|njc|Raffles Junior College|raffles jc|rjc,0.9817,"nekomon wrote:  Hello there! I'm here to contribute to the Appeal Chance Rater (ACR) heh~ After retaking A levels, I got CDBB/B (in order of BCME/GP), but since I took 4H2s and my chem in 2016 was a C, I combined both certs and it became CCBB/B. My RP is 75 raw, while it is a 76.5 with HCL O levels counted. I applied for business for NUS, NTU and SMU, and got offered NTU first in mid-April, and it was a direct offer. Got called up for SMU business interview which I went in mid-April, and got offered 2 days later. My NUS offer came the last, 2 weeks later after I was offered SMU, and I was about to lose hope when the offer came in! It has been such a tough ride, but I'm glad I chose to retake as it has given me so much more options, and most importantly, I got into the course that I truly want (after exploring for one more year).  All the best to all of you out there!! For those who are still anxiously waiting for a reply, or have already been rejected, I was once in your place so I understand exactly how that feels... But remember to chin up and get back on your feet for the sake of yourself (': You all can do this!! Congrats on your offer  May I know which are you accepting and why? I have trouble deciding and would like more opinions "
2018,Anglo-Chinese Junior College|anglo chinese junior college|anglo-chinese jc|acjc|Hwa Chong Junior College|hwa chong|hc|hcjc|Nanyang Junior College|nanyang jc|nyjc|National Junior College|national jc|njc|Raffles Junior College|raffles jc|rjc,0.9818,"nekomon wrote:  Hello there! I'm here to contribute to the Appeal Chance Rater (ACR) heh~ After retaking A levels, I got CDBB/B (in order of BCME/GP), but since I took 4H2s and my chem in 2016 was a C, I combined both certs and it became CCBB/B. My RP is 75 raw, while it is a 76.5 with HCL O levels counted. I applied for business for NUS, NTU and SMU, and got offered NTU first in mid-April, and it was a direct offer. Got called up for SMU business interview which I went in mid-April, and got offered 2 days later. My NUS offer came the last, 2 weeks later after I was offered SMU, and I was about to lose hope when the offer came in! It has been such a tough ride, but I'm glad I chose to retake as it has given me so much more options, and most importantly, I got into the course that I truly want (after exploring for one more year).  All the best to all of you out there!! For those who are still anxiously waiting for a reply, or have already been rejected, I was once in your place so I understand exactly how that feels... But remember to chin up and get back on your feet for the sake of yourself (': You all can do this!! Hey i took the exact same subject combi as u and retook as well. And my chem grade in my first yr cert was better also. We able to combine he grades like that de meh? My first yr chem b second yr c, so this means i can take my chem to be b H1 or B h2 when counting the rankpt?"
2018,Anglo-Chinese Junior College|anglo chinese junior college|anglo-chinese jc|acjc|Hwa Chong Junior College|hwa chong|hc|hcjc|Nanyang Junior College|nanyang jc|nyjc|National Junior College|national jc|njc|Raffles Junior College|raffles jc|rjc,0.9833,"Poty321 wrote:  Hello there! Totally agree with you that scholarship should not be awarded based on academic performance only, which I did mention in my earlier post. The primary objective of my earlier post aims to encourage individuals who are currently applying/appealing for admission and/or scholarship - through the sharing of my education journey and the challenges experienced as an individual with a disadvantaged background. Subsequently, the post also seeks to highlight the flaws in the basis of selection for the scholarship interview. Today, institutions are still using a uniform assessment method to evaluate people of diverse backgrounds. The assessment for academic potential is pretty straightforward - cGPA, awards, and other academic achievement obtained from other sources (e.g. competitions, courses, etc.). The tricky part lies in the assessment of non-academic components - institutions seek individuals with certain attributes, qualities, and skills (e.g. leadership, teamwork, entrepreneurship, integrity, sports achievement, etc.). And often, institutions only consider school-related activities and/or co-curricular activities as the samples for their assessment.  On a personal note, I believed that those attributes, qualities, and skillscould also beidentified and assessed through employment experience (e.g. customers' testimonials, appraisals by superiors, awards attained, etc.).  In general, institutions should also look beyond the school-related activities and co-curricular activities when assessing the non-academic components of individuals. Hence, granting more flexibility for underprivileged students whose non-academic profile were considered as ""insubstantial"" and thereby allowing  them to have the opportunity to share their stories. Ultimately, an interview is all we need.P.s. I'm glad that your hard work paid off, and congrats on securing that scholarship offered by a private company  (I missed the application deadline for private & government scholarship ) To be shortlisted for interview on the government scholarship with 3.5GPA, you must have some really outstanding non-academic achievements! Do you mind to share with us? And hello senior , assuming you are an SMU student (based on the GPA capped at 4.0). As an individual with similar experience, juggling between full-time work and study is really no joke, not to mention that you are doing it at the University-level and still managed to scored a decent grade. Mind to share what full-time job you work as? Do you study in the day, and work at night/after-school hours? Did you, perhaps, packed all modules into that few days so that you could work for the rest of the days in the week? Sincerely hope that you can share some tips with us/me Networking/cloud computing consultant. And if you can get some really well-known individual in the industry to write recommendation letter would really be helpful.  I think due to my competition award as well as the system I build for one of the major hospital which became part of the national healthcare system.  But other than that the majority of the attendees maintain a minimum gpa of 3.9."
2018,Anglo-Chinese Junior College|anglo chinese junior college|anglo-chinese jc|acjc|Hwa Chong Junior College|hwa chong|hc|hcjc|Nanyang Junior College|nanyang jc|nyjc|National Junior College|national jc|njc|Raffles Junior College|raffles jc|rjc,0.9604,"Hello there! I'm here to contribute to the Appeal Chance Rater (ACR) heh~ After retaking A levels, I got CDBB/B (in order of BCME/GP), but since I took 4H2s and my chem in 2016 was a C, I combined both certs and it became CCBB/B. My RP is 75 raw, while it is a 76.5 with HCL O levels counted. I applied for business for NUS, NTU and SMU, and got offered NTU first in mid-April, and it was a direct offer. Got called up for SMU business interview which I went in mid-April, and got offered 2 days later. My NUS offer came the last, 2 weeks later after I was offered SMU, and I was about to lose hope when the offer came in! It has been such a tough ride, but I'm glad I chose to retake as it has given me so much more options, and most importantly, I got into the course that I truly want (after exploring for one more year).  All the best to all of you out there!! For those who are still anxiously waiting for a reply, or have already been rejected, I was once in your place so I understand exactly how that feels... But remember to chin up and get back on your feet for the sake of yourself (': You all can do this!!"
2018,Anglo-Chinese Junior College|anglo chinese junior college|anglo-chinese jc|acjc|Hwa Chong Junior College|hwa chong|hc|hcjc|Nanyang Junior College|nanyang jc|nyjc|National Junior College|national jc|njc|Raffles Junior College|raffles jc|rjc,0.9817,"nekomon wrote:  Hello there! I'm here to contribute to the Appeal Chance Rater (ACR) heh~ After retaking A levels, I got CDBB/B (in order of BCME/GP), but since I took 4H2s and my chem in 2016 was a C, I combined both certs and it became CCBB/B. My RP is 75 raw, while it is a 76.5 with HCL O levels counted. I applied for business for NUS, NTU and SMU, and got offered NTU first in mid-April, and it was a direct offer. Got called up for SMU business interview which I went in mid-April, and got offered 2 days later. My NUS offer came the last, 2 weeks later after I was offered SMU, and I was about to lose hope when the offer came in! It has been such a tough ride, but I'm glad I chose to retake as it has given me so much more options, and most importantly, I got into the course that I truly want (after exploring for one more year).  All the best to all of you out there!! For those who are still anxiously waiting for a reply, or have already been rejected, I was once in your place so I understand exactly how that feels... But remember to chin up and get back on your feet for the sake of yourself (': You all can do this!! Congrats on your offer  May I know which are you accepting and why? I have trouble deciding and would like more opinions "
2018,Anglo-Chinese Junior College|anglo chinese junior college|anglo-chinese jc|acjc|Hwa Chong Junior College|hwa chong|hc|hcjc|Nanyang Junior College|nanyang jc|nyjc|National Junior College|national jc|njc|Raffles Junior College|raffles jc|rjc,0.9818,"nekomon wrote:  Hello there! I'm here to contribute to the Appeal Chance Rater (ACR) heh~ After retaking A levels, I got CDBB/B (in order of BCME/GP), but since I took 4H2s and my chem in 2016 was a C, I combined both certs and it became CCBB/B. My RP is 75 raw, while it is a 76.5 with HCL O levels counted. I applied for business for NUS, NTU and SMU, and got offered NTU first in mid-April, and it was a direct offer. Got called up for SMU business interview which I went in mid-April, and got offered 2 days later. My NUS offer came the last, 2 weeks later after I was offered SMU, and I was about to lose hope when the offer came in! It has been such a tough ride, but I'm glad I chose to retake as it has given me so much more options, and most importantly, I got into the course that I truly want (after exploring for one more year).  All the best to all of you out there!! For those who are still anxiously waiting for a reply, or have already been rejected, I was once in your place so I understand exactly how that feels... But remember to chin up and get back on your feet for the sake of yourself (': You all can do this!! Hey i took the exact same subject combi as u and retook as well. And my chem grade in my first yr cert was better also. We able to combine he grades like that de meh? My first yr chem b second yr c, so this means i can take my chem to be b H1 or B h2 when counting the rankpt?"
2018,Anglo-Chinese Junior College|anglo chinese junior college|anglo-chinese jc|acjc|Hwa Chong Junior College|hwa chong|hc|hcjc|Nanyang Junior College|nanyang jc|nyjc|National Junior College|national jc|njc|Raffles Junior College|raffles jc|rjc,0.9833,"Poty321 wrote:  Hello there! Totally agree with you that scholarship should not be awarded based on academic performance only, which I did mention in my earlier post. The primary objective of my earlier post aims to encourage individuals who are currently applying/appealing for admission and/or scholarship - through the sharing of my education journey and the challenges experienced as an individual with a disadvantaged background. Subsequently, the post also seeks to highlight the flaws in the basis of selection for the scholarship interview. Today, institutions are still using a uniform assessment method to evaluate people of diverse backgrounds. The assessment for academic potential is pretty straightforward - cGPA, awards, and other academic achievement obtained from other sources (e.g. competitions, courses, etc.). The tricky part lies in the assessment of non-academic components - institutions seek individuals with certain attributes, qualities, and skills (e.g. leadership, teamwork, entrepreneurship, integrity, sports achievement, etc.). And often, institutions only consider school-related activities and/or co-curricular activities as the samples for their assessment.  On a personal note, I believed that those attributes, qualities, and skillscould also beidentified and assessed through employment experience (e.g. customers' testimonials, appraisals by superiors, awards attained, etc.).  In general, institutions should also look beyond the school-related activities and co-curricular activities when assessing the non-academic components of individuals. Hence, granting more flexibility for underprivileged students whose non-academic profile were considered as ""insubstantial"" and thereby allowing  them to have the opportunity to share their stories. Ultimately, an interview is all we need.P.s. I'm glad that your hard work paid off, and congrats on securing that scholarship offered by a private company  (I missed the application deadline for private & government scholarship ) To be shortlisted for interview on the government scholarship with 3.5GPA, you must have some really outstanding non-academic achievements! Do you mind to share with us? And hello senior , assuming you are an SMU student (based on the GPA capped at 4.0). As an individual with similar experience, juggling between full-time work and study is really no joke, not to mention that you are doing it at the University-level and still managed to scored a decent grade. Mind to share what full-time job you work as? Do you study in the day, and work at night/after-school hours? Did you, perhaps, packed all modules into that few days so that you could work for the rest of the days in the week? Sincerely hope that you can share some tips with us/me Networking/cloud computing consultant. And if you can get some really well-known individual in the industry to write recommendation letter would really be helpful.  I think due to my competition award as well as the system I build for one of the major hospital which became part of the national healthcare system.  But other than that the majority of the attendees maintain a minimum gpa of 3.9."
2018,Anglo-Chinese Junior College|anglo chinese junior college|anglo-chinese jc|acjc|Hwa Chong Junior College|hwa chong|hc|hcjc|Nanyang Junior College|nanyang jc|nyjc|National Junior College|national jc|njc|Raffles Junior College|raffles jc|rjc,0.9979,"So, ntu & smu got give extra 1.25 points extra for putting first choice ? Thanks whuttt wrote:  Good news for those borderline cases eyeing NUS "" . . . . the plan to award up to 1.25 bonus points (equivalent of one H1 grade) to students applying for their first choice programme. The bonus points, applicable to programmes not requiring a pre-entry interview, will be added to the student’s University Admission Score. "" http://news.nus.edu.sg/highlights/nu...on-initiatives NUS applicants to get bonus points for 1st-choice courses Passion for a field of study will count for admission to the National University of Singapore (NUS) from this year. Those applying for a place at NUS will be given 1.25 bonus points for their first choice - equivalent to going from C to B or B to A in an A-level H1 subject. This applies only to courses where entry is based purely on converting a student's grades into points, and not to courses such as medicine and law where students are assessed on their aptitude and interests through interviews. NUS senior deputy president and provost Ho Teck Hua, who announced the move at a press conference on Monday, said NUS analysis of admission data showed the bonus point can make a difference. ""Let's say one student with 81 points applies for communications as his first choice, and another with 82 points applies to the same course as his second choice. With the 1.25 points, the student who lists the course as his first choice will get ahead of the person with 82 points,"" he said. On why NUS decided on the move, he said: ""If you have done well and are passionate about a career in business or computing, for example, then we want to say to you that we support your passion."" ""We want to help you pursue your passion,"" he said, adding that students passionate about what they study tend to perform better. Professor Ho revealed that, currently, 65 per cent of students given a place in their first-choice course take up the offer, while only 45 per cent of those given their second-choice course do so. Noting NUS graduates' good job prospects, Prof Ho also announced that NUS will be increasing the number of double majors to increase career options for its graduates. ""The nature of work is changing very rapidly, and we need to prepare students for a lifetime of diverse careers,"" he said. He said NUS, which currently offers 94 double major and major-minor combinations, will add another 86 such programmes. ""Someone doing data science and entrepreneurship, for example, can go and work for a range of industries in data science, and also go and do a start-up."" On top of the double majors, NUS also offers 71 double degrees, 33 joint degrees with partner universities and 24 concurrent degrees. Adding all this, currently 15 per cent of NUS students are trained in more than one discipline. Prof Ho said he hopes half of all NUS students will graduate with knowledge and skills in two different fields, so they will have more job offers to choose from. He also announced two new degree programmes for this year, one in pharmaceutical science and the other in veterinary science. Students taking up the 5 1/2-year concurrent veterinary degree programme will graduate with an NUS degree in life sciences and a Doctor of Veterinary Medicine from the University of Melbourne. NUS, which now offers 230 bond-free merit scholarships, will add 200 more scholarships for the new academic year. Ms Geraldine Tan, 19, welcomed the move by NUS and said it is important for young people to get into a field that excites them. She said: ""I really want to study business and maybe go on an overseas college stint as I want to start a social enterprise. Business courses are hard to get into, so I am hoping the bonus points will help me get the edge."" Hwa Chong Institution student Hannah Ganesh, 18, said increasing double degree options is good as students can diversify their learning and ""challenge themselves"".http://www.straitstimes.com/singapor...choice-courses NUS' new offerings BONUS POINTS FOR FIRST CHOICE Students applying to NUS will be given 1.25 bonus points for their first-choice course. This applies only to courses where entry is based purely on students' grades. MORE DOUBLE MAJORS NUS will be increasing the number of double majors to open up more career options for its graduates. It currently offers 94 double major and major-minor combinations and will add another 86 such programmes. NEW DEGREES A new concurrent degree combines NUS' Bachelor of Science and the Doctor of Veterinary Medicine offered by the University of Melbourne. Students can complete the programmes in 5-1/2 years. NUS is also offering a new joint degree in pharmaceutical science with the University of Dundee in Scotland. The programme is designed to provide students with knowledge and skills for careers in the pharmaceutical, biomedical and consumer healthcare sectors. NUS OVERSEAS COLLEGES The programme that sends students on internships to several entrepreneurial hubs in the world will be extended to Jakarta and Toronto. MORE BOND-FREE SCHOLARSHIPS NUS, which now offers 230 bond-free merit scholarships, will add another 200 scholarships in the new academic year. "
2019,Anglo-Chinese Junior College|anglo chinese junior college|anglo-chinese jc|acjc|Hwa Chong Junior College|hwa chong|hc|hcjc|Nanyang Junior College|nanyang jc|nyjc|National Junior College|national jc|njc|Raffles Junior College|raffles jc|rjc,0.4998,"cheesecrackers wrote:  What made you pick NTU over SMU? Because I heard SMU provides a lot more opportunities to students (overseas exchange, internship) whereas NTU have lesser? And also, how is NTU culture like compared to poly? was it difficult to adapt? I am also a biz student from poly btw. I'm just not too sure whether to go to SMU or NTU accountancy. T.T Consider this. Smu is a 4 year course and the fees they charge are 11k+.  U can simply take LoA for internships in NTU if u do not want to grad in 3 yrs.   If you're heading to big 4 after grad, heard the starting pay is more or less the same. If so, why go for a 4 year's course?  Ntu offers plenty of exchange opportunities too.  This is my personal opinion but I think poly kids are able to cope better if they go to smu rather than NUS or NTU.   You will definitely get a shock when you enter ntu. You would have to put in effort from week 1 if you want to maintain your gpa. In my first sem, majority of my classmates are from mid tier to top jcs (anderson, hwachong, raffles, acjc and etc). Their rank points are about 85 to 90. As such it is VERY VERY difficult to compete with them. Not sure about SMU."
2019,Anglo-Chinese Junior College|anglo chinese junior college|anglo-chinese jc|acjc|Hwa Chong Junior College|hwa chong|hc|hcjc|Nanyang Junior College|nanyang jc|nyjc|National Junior College|national jc|njc|Raffles Junior College|raffles jc|rjc,0.9144,"qhong61 wrote:  Anyone can help? It mainly depends on your cgpa/cap and relevant experience as research assistant/independent research (for those with really really good cgpa). Since masters in clinical psychology is what most first yr psych majors initially set out to pursue (coz for $$$/prestige besides being in research/PhD), the competition is very stiff (especially given its limited vacancies in sg) and you gotta be the creme of the crop or else you need to go overseas to complete it.  Tbh, in NTU/NUS, psychology is not as heavily based on groupwork as SMU's, so if you are not as good as academics as your peers (can roughly gauge by ur rp), you can kind of forget trying to vye for the limited spots.  Obviously, everyone would say your past academic performance (in JC) won't always predict what you get in uni but like from my very small and hence biased  sample size of my cohort intake of first year students, those with rp below 10th percentile (those who get around 76), they really kind of struggle while those from the top 5 jcs (HCI, VJC etc) and with  over 85 rp (which is quite a lot) and getting FCH. (Since NTU psych and probably NUS psych is more individual and test based unlike SMU's) If you are just trying to enter psych coz you think its interesting and only able to see its traditional path of clinical psychology (and not understanding what else is there to psychology), i think going nus fass is good so you can declare majors in other arts and social science should you realize you dont get at least a certain cap (e.g. 4.5/5.0) by the end of year 2 semester 1."
2019,Anglo-Chinese Junior College|anglo chinese junior college|anglo-chinese jc|acjc|Hwa Chong Junior College|hwa chong|hc|hcjc|Nanyang Junior College|nanyang jc|nyjc|National Junior College|national jc|njc|Raffles Junior College|raffles jc|rjc,0.9383,"Rockabye wrote:  It mainly depends on your cgpa/cap and relevant experience as research assistant/independent research (for those with really really good cgpa). Since masters in clinical psychology is what most first yr psych majors initially set out to pursue (coz for $$$/prestige besides being in research/PhD), the competition is very stiff (especially given its limited vacancies in sg) and you gotta be the creme of the crop or else you need to go overseas to complete it.  Tbh, in NTU/NUS, psychology is not as heavily based on groupwork as SMU's, so if you are not as good as academics as your peers (can roughly gauge by ur rp), you can kind of forget trying to vye for the limited spots.  Obviously, everyone would say your past academic performance (in JC) won't always predict what you get in uni but like from my very small and hence biased  sample size of my cohort intake of first year students, those with rp below 10th percentile (those who get around 76), they really kind of struggle while those from the top 5 jcs (HCI, VJC etc) and with  over 85 rp (which is quite a lot) and getting FCH. (Since NTU psych and probably NUS psych is more individual and test based unlike SMU's) If you are just trying to enter psych coz you think its interesting and only able to see its traditional path of clinical psychology (and not understanding what else is there to psychology), i think going nus fass is good so you can declare majors in other arts and social science should you realize you dont get at least a certain cap (e.g. 4.5/5.0) by the end of year 2 semester 1. Thank you so much. Are u also an undergrad? Which faculty?"
2019,Anglo-Chinese Junior College|anglo chinese junior college|anglo-chinese jc|acjc|Hwa Chong Junior College|hwa chong|hc|hcjc|Nanyang Junior College|nanyang jc|nyjc|National Junior College|national jc|njc|Raffles Junior College|raffles jc|rjc,0.9746,"cheesecrackers wrote:  What made you pick NTU over SMU? Because I heard SMU provides a lot more opportunities to students (overseas exchange, internship) whereas NTU have lesser? And also, how is NTU culture like compared to poly? was it difficult to adapt? I am also a biz student from poly btw. I'm just not too sure whether to go to SMU or NTU accountancy. T.T Siaolangkeng wrote:  Consider this. Smu is a 4 year course and the fees they charge are 11k+.  U can simply take LoA for internships in NTU if u do not want to grad in 3 yrs.   If you're heading to big 4 after grad, heard the starting pay is more or less the same. If so, why go for a 4 year's course?  Ntu offers plenty of exchange opportunities too.  This is my personal opinion but I think poly kids are able to cope better if they go to smu rather than NUS or NTU.   You will definitely get a shock when you enter ntu. You would have to put in effort from week 1 if you want to maintain your gpa. In my first sem, majority of my classmates are from mid tier to top jcs (anderson, hwachong, raffles, acjc and etc). Their rank points are about 85 to 90. As such it is VERY VERY difficult to compete with them. Not sure about SMU. FrostWurm wrote:  Graduated from NBS several years ago. The culture is very cheena, so if you are not cheena, I strongly suggest NUS or SMU if not you will be like a fish out of water. In terms of career services, SMU is ahead. They usually get better placements, and students can do internships during the term due to the proximity of the school to CBD. They are way ahead of NUS and NTU in placing their students into good jobs. But school fees more expensive, and SMU doesn't have hall life (if you want to experience it). Also seems that the competition there is extremely fierce (class participation anyone?). But its in the city which also has some perks. Probably NTU if you just wanna grad quickly and be an auditor (although many also end up in management associate roles). SMU may be better if you are aiming for front office finance positions. actually for poly grads going uni & intend to go big4, better to go SIT. can become Associate 2 upon graduation and it is 2-3 years course. but if want big 3 then NTU because 3 years course. Good Internships usually require self source Sent from moi brain using GAGT"
2019,Anglo-Chinese Junior College|anglo chinese junior college|anglo-chinese jc|acjc|Hwa Chong Junior College|hwa chong|hc|hcjc|Nanyang Junior College|nanyang jc|nyjc|National Junior College|national jc|njc|Raffles Junior College|raffles jc|rjc,0.4998,"cheesecrackers wrote:  What made you pick NTU over SMU? Because I heard SMU provides a lot more opportunities to students (overseas exchange, internship) whereas NTU have lesser? And also, how is NTU culture like compared to poly? was it difficult to adapt? I am also a biz student from poly btw. I'm just not too sure whether to go to SMU or NTU accountancy. T.T Consider this. Smu is a 4 year course and the fees they charge are 11k+.  U can simply take LoA for internships in NTU if u do not want to grad in 3 yrs.   If you're heading to big 4 after grad, heard the starting pay is more or less the same. If so, why go for a 4 year's course?  Ntu offers plenty of exchange opportunities too.  This is my personal opinion but I think poly kids are able to cope better if they go to smu rather than NUS or NTU.   You will definitely get a shock when you enter ntu. You would have to put in effort from week 1 if you want to maintain your gpa. In my first sem, majority of my classmates are from mid tier to top jcs (anderson, hwachong, raffles, acjc and etc). Their rank points are about 85 to 90. As such it is VERY VERY difficult to compete with them. Not sure about SMU."
2019,Anglo-Chinese Junior College|anglo chinese junior college|anglo-chinese jc|acjc|Hwa Chong Junior College|hwa chong|hc|hcjc|Nanyang Junior College|nanyang jc|nyjc|National Junior College|national jc|njc|Raffles Junior College|raffles jc|rjc,0.9144,"qhong61 wrote:  Anyone can help? It mainly depends on your cgpa/cap and relevant experience as research assistant/independent research (for those with really really good cgpa). Since masters in clinical psychology is what most first yr psych majors initially set out to pursue (coz for $$$/prestige besides being in research/PhD), the competition is very stiff (especially given its limited vacancies in sg) and you gotta be the creme of the crop or else you need to go overseas to complete it.  Tbh, in NTU/NUS, psychology is not as heavily based on groupwork as SMU's, so if you are not as good as academics as your peers (can roughly gauge by ur rp), you can kind of forget trying to vye for the limited spots.  Obviously, everyone would say your past academic performance (in JC) won't always predict what you get in uni but like from my very small and hence biased  sample size of my cohort intake of first year students, those with rp below 10th percentile (those who get around 76), they really kind of struggle while those from the top 5 jcs (HCI, VJC etc) and with  over 85 rp (which is quite a lot) and getting FCH. (Since NTU psych and probably NUS psych is more individual and test based unlike SMU's) If you are just trying to enter psych coz you think its interesting and only able to see its traditional path of clinical psychology (and not understanding what else is there to psychology), i think going nus fass is good so you can declare majors in other arts and social science should you realize you dont get at least a certain cap (e.g. 4.5/5.0) by the end of year 2 semester 1."
2019,Anglo-Chinese Junior College|anglo chinese junior college|anglo-chinese jc|acjc|Hwa Chong Junior College|hwa chong|hc|hcjc|Nanyang Junior College|nanyang jc|nyjc|National Junior College|national jc|njc|Raffles Junior College|raffles jc|rjc,0.9383,"Rockabye wrote:  It mainly depends on your cgpa/cap and relevant experience as research assistant/independent research (for those with really really good cgpa). Since masters in clinical psychology is what most first yr psych majors initially set out to pursue (coz for $$$/prestige besides being in research/PhD), the competition is very stiff (especially given its limited vacancies in sg) and you gotta be the creme of the crop or else you need to go overseas to complete it.  Tbh, in NTU/NUS, psychology is not as heavily based on groupwork as SMU's, so if you are not as good as academics as your peers (can roughly gauge by ur rp), you can kind of forget trying to vye for the limited spots.  Obviously, everyone would say your past academic performance (in JC) won't always predict what you get in uni but like from my very small and hence biased  sample size of my cohort intake of first year students, those with rp below 10th percentile (those who get around 76), they really kind of struggle while those from the top 5 jcs (HCI, VJC etc) and with  over 85 rp (which is quite a lot) and getting FCH. (Since NTU psych and probably NUS psych is more individual and test based unlike SMU's) If you are just trying to enter psych coz you think its interesting and only able to see its traditional path of clinical psychology (and not understanding what else is there to psychology), i think going nus fass is good so you can declare majors in other arts and social science should you realize you dont get at least a certain cap (e.g. 4.5/5.0) by the end of year 2 semester 1. Thank you so much. Are u also an undergrad? Which faculty?"
2019,Anglo-Chinese Junior College|anglo chinese junior college|anglo-chinese jc|acjc|Hwa Chong Junior College|hwa chong|hc|hcjc|Nanyang Junior College|nanyang jc|nyjc|National Junior College|national jc|njc|Raffles Junior College|raffles jc|rjc,0.9746,"cheesecrackers wrote:  What made you pick NTU over SMU? Because I heard SMU provides a lot more opportunities to students (overseas exchange, internship) whereas NTU have lesser? And also, how is NTU culture like compared to poly? was it difficult to adapt? I am also a biz student from poly btw. I'm just not too sure whether to go to SMU or NTU accountancy. T.T Siaolangkeng wrote:  Consider this. Smu is a 4 year course and the fees they charge are 11k+.  U can simply take LoA for internships in NTU if u do not want to grad in 3 yrs.   If you're heading to big 4 after grad, heard the starting pay is more or less the same. If so, why go for a 4 year's course?  Ntu offers plenty of exchange opportunities too.  This is my personal opinion but I think poly kids are able to cope better if they go to smu rather than NUS or NTU.   You will definitely get a shock when you enter ntu. You would have to put in effort from week 1 if you want to maintain your gpa. In my first sem, majority of my classmates are from mid tier to top jcs (anderson, hwachong, raffles, acjc and etc). Their rank points are about 85 to 90. As such it is VERY VERY difficult to compete with them. Not sure about SMU. FrostWurm wrote:  Graduated from NBS several years ago. The culture is very cheena, so if you are not cheena, I strongly suggest NUS or SMU if not you will be like a fish out of water. In terms of career services, SMU is ahead. They usually get better placements, and students can do internships during the term due to the proximity of the school to CBD. They are way ahead of NUS and NTU in placing their students into good jobs. But school fees more expensive, and SMU doesn't have hall life (if you want to experience it). Also seems that the competition there is extremely fierce (class participation anyone?). But its in the city which also has some perks. Probably NTU if you just wanna grad quickly and be an auditor (although many also end up in management associate roles). SMU may be better if you are aiming for front office finance positions. actually for poly grads going uni & intend to go big4, better to go SIT. can become Associate 2 upon graduation and it is 2-3 years course. but if want big 3 then NTU because 3 years course. Good Internships usually require self source Sent from moi brain using GAGT"
2020,Anglo-Chinese Junior College|anglo chinese junior college|anglo-chinese jc|acjc|Hwa Chong Junior College|hwa chong|hc|hcjc|Nanyang Junior College|nanyang jc|nyjc|National Junior College|national jc|njc|Raffles Junior College|raffles jc|rjc,
